mixed_file,clean_file,reader,noise_category,target_snr_db,split,clean_gain,excluded
mixed_0001.wav,book_00025_chp_0019_reader_04069_30_seg_0_seg1.wav,04069,typing,-5,train,0.37743,
mixed_0002.wav,book_00028_chp_0031_reader_05303_61_seg_1_seg1.wav,05303,door,0,train,1.0,
mixed_0003.wav,book_00000_chp_0009_reader_06709_6_seg_1_seg1.wav,06709,typing,10,train,0.44119,
mixed_0004.wav,book_00028_chp_0031_reader_05303_53_seg_1_seg1.wav,05303,door,5,train,1.0,
mixed_0005.wav,book_00028_chp_0031_reader_05303_43_seg_2_seg1.wav,05303,typing,20,train,1.0,
mixed_0006.wav,book_00002_chp_0005_reader_11980_6_seg_0_seg1.wav,11980,copy-machine,20,train,1.0,
mixed_0007.wav,book_00028_chp_0031_reader_05303_45_seg_2_seg2.wav,05303,door,0,train,1.0,
mixed_0008.wav,book_00028_chp_0031_reader_05303_80_seg_2_seg2.wav,05303,door,10,train,1.0,
mixed_0009.wav,book_00028_chp_0031_reader_05303_58_seg_0_seg1.wav,05303,door,15,train,1.00073,
mixed_0010.wav,book_00028_chp_0038_reader_05919_5_seg_0_seg1.wav,05919,typing,0,train,0.58727,
mixed_0011.wav,book_00028_chp_0031_reader_05303_60_seg_0_seg3.wav,05303,typing,-5,train,0.35326,
mixed_0012.wav,book_00028_chp_0031_reader_05303_17_seg_1_seg1.wav,05303,door,0,train,1.0,
mixed_0013.wav,book_00002_chp_0005_reader_11980_19_seg_0_seg2.wav,11980,typing,5,train,1.0,
mixed_0014.wav,book_00028_chp_0031_reader_05303_60_seg_1_seg2.wav,05303,typing,0,train,0.79996,
mixed_0015.wav,book_00028_chp_0031_reader_05303_69_seg_0_seg1.wav,05303,typing,-5,train,0.25295,
mixed_0016.wav,book_00028_chp_0038_reader_05919_0_seg_1_seg3.wav,05919,door,10,train,1.0,
mixed_0017.wav,book_00000_chp_0009_reader_06709_19_seg_2_seg1.wav,06709,door,20,train,1.0,
mixed_0018.wav,book_00026_chp_0039_reader_04408_3_seg_2_seg2.wav,04408,door,15,test,1.0,
mixed_0019.wav,book_00028_chp_0015_reader_08897_16_seg_0_seg1.wav,08897,typing,15,val,1.0,
mixed_0020.wav,book_00028_chp_0031_reader_05303_48_seg_1_seg4.wav,05303,door,20,train,1.0,
mixed_0021.wav,book_00026_chp_0039_reader_04408_21_seg_1_seg1.wav,04408,typing,-5,test,0.36556,
mixed_0022.wav,book_00028_chp_0031_reader_05303_16_seg_0_seg3.wav,05303,door,15,train,1.0,
mixed_0023.wav,book_00028_chp_0031_reader_05303_47_seg_1_seg1.wav,05303,typing,-5,train,0.17556,
mixed_0024.wav,book_00028_chp_0015_reader_08897_19_seg_2_seg1.wav,08897,door,15,val,1.0,
mixed_0025.wav,book_00008_chp_0146_reader_07907_4_seg_1_seg1.wav,07907,typing,20,train,1.0,
mixed_0026.wav,book_00028_chp_0031_reader_05303_34_seg_1_seg1.wav,05303,door,15,train,1.0,
mixed_0027.wav,book_00000_chp_0009_reader_06709_11_seg_2_seg1.wav,06709,door,5,train,1.0,
mixed_0028.wav,book_00026_chp_0039_reader_04408_1_seg_1_seg2.wav,04408,door,20,test,1.0,
mixed_0029.wav,book_00002_chp_0005_reader_11980_19_seg_2_seg2.wav,11980,door,15,train,1.0,
mixed_0030.wav,book_00007_chp_0008_reader_01326_21_seg_0_seg1.wav,01326,typing,10,train,1.0,
mixed_0031.wav,book_00007_chp_0008_reader_01326_47_seg_0_seg1.wav,01326,door,10,train,1.0,
mixed_0032.wav,book_00025_chp_0019_reader_04069_2_seg_1_seg1.wav,04069,typing,-5,train,0.2308,
mixed_0033.wav,book_00000_chp_0009_reader_06709_21_seg_2_seg1.wav,06709,typing,5,train,0.56653,
mixed_0034.wav,book_00028_chp_0015_reader_08897_2_seg_1_seg1.wav,08897,door,10,val,1.0,
mixed_0035.wav,book_00000_chp_0009_reader_06709_17_seg_2_seg1.wav,06709,squeakyChair,-5,train,0.19205,
mixed_0036.wav,book_00028_chp_0038_reader_05919_1_seg_2_seg2.wav,05919,squeakyChair,20,train,1.0,
mixed_0037.wav,book_00028_chp_0031_reader_05303_41_seg_0_seg1.wav,05303,door,15,train,1.0,
mixed_0038.wav,book_00028_chp_0015_reader_08897_14_seg_1_seg1.wav,08897,door,10,val,1.0,
mixed_0039.wav,book_00002_chp_0005_reader_11980_9_seg_2_seg1.wav,11980,door,-5,train,0.89131,
mixed_0040.wav,book_00007_chp_0008_reader_01326_3_seg_1_seg1.wav,01326,typing,-5,train,0.27112,
mixed_0041.wav,book_00008_chp_0146_reader_07907_9_seg_0_seg1.wav,07907,door,5,train,0.68386,
mixed_0042.wav,book_00028_chp_0031_reader_05303_15_seg_0_seg2.wav,05303,door,0,train,1.0,
mixed_0043.wav,book_00025_chp_0019_reader_04069_5_seg_1_seg1.wav,04069,door,5,train,0.63665,
mixed_0045.wav,book_00025_chp_0019_reader_04069_6_seg_2_seg1.wav,04069,door,15,train,1.0,
mixed_0046.wav,book_00028_chp_0031_reader_05303_53_seg_0_seg1.wav,05303,typing,-5,train,0.68347,
mixed_0047.wav,book_00002_chp_0005_reader_11980_15_seg_2_seg2.wav,11980,typing,-5,train,0.48577,
mixed_0048.wav,book_00028_chp_0031_reader_05303_69_seg_0_seg2.wav,05303,door,5,train,1.0,
mixed_0049.wav,book_00002_chp_0005_reader_11980_10_seg_1_seg2.wav,11980,typing,10,train,1.0,
mixed_0050.wav,book_00025_chp_0019_reader_04069_3_seg_0_seg1.wav,04069,typing,5,train,1.0,
mixed_0051.wav,book_00008_chp_0146_reader_07907_2_seg_0_seg1.wav,07907,door,10,train,1.0,
mixed_0052.wav,book_00002_chp_0005_reader_11980_19_seg_0_seg3.wav,11980,typing,-5,train,0.17457,
mixed_0053.wav,book_00025_chp_0019_reader_04069_0_seg_1_seg1.wav,04069,squeakyChair,-5,train,0.43433,
mixed_0054.wav,book_00028_chp_0031_reader_05303_56_seg_0_seg2.wav,05303,door,0,train,1.0,
mixed_0055.wav,book_00002_chp_0005_reader_11980_19_seg_1_seg2.wav,11980,typing,-5,train,0.43861,
mixed_0056.wav,book_00025_chp_0019_reader_04069_12_seg_0_seg1.wav,04069,typing,-5,train,0.16097,
mixed_0057.wav,book_00028_chp_0031_reader_05303_50_seg_1_seg1.wav,05303,typing,5,train,1.0,
mixed_0058.wav,book_00026_chp_0039_reader_04408_41_seg_2_seg2.wav,04408,door,0,test,1.0,
mixed_0059.wav,book_00002_chp_0005_reader_11980_7_seg_1_seg2.wav,11980,typing,15,train,1.0,
mixed_0060.wav,book_00028_chp_0038_reader_05919_34_seg_1_seg1.wav,05919,typing,10,train,0.85128,
mixed_0061.wav,book_00028_chp_0031_reader_05303_66_seg_0_seg2.wav,05303,door,10,train,1.0,
mixed_0062.wav,book_00002_chp_0005_reader_11980_9_seg_0_seg3.wav,11980,typing,5,train,1.0,
mixed_0063.wav,book_00002_chp_0005_reader_11980_2_seg_1_seg2.wav,11980,door,0,train,1.0,
mixed_0064.wav,book_00008_chp_0146_reader_07907_7_seg_0_seg1.wav,07907,door,15,train,1.0,
mixed_0065.wav,book_00002_chp_0005_reader_11980_4_seg_0_seg1.wav,11980,typing,5,train,1.0,
mixed_0066.wav,book_00028_chp_0031_reader_05303_48_seg_1_seg1.wav,05303,door,0,train,1.0,
mixed_0067.wav,book_00028_chp_0038_reader_05919_6_seg_2_seg1.wav,05919,door,-5,train,0.40664,
mixed_0068.wav,book_00008_chp_0146_reader_07907_9_seg_2_seg3.wav,07907,door,0,train,1.0,
mixed_0069.wav,book_00008_chp_0146_reader_07907_2_seg_2_seg3.wav,07907,typing,20,train,1.0,
mixed_0070.wav,book_00007_chp_0008_reader_01326_67_seg_1_seg1.wav,01326,squeakyChair,0,train,1.0,
mixed_0071.wav,book_00028_chp_0031_reader_05303_53_seg_2_seg2.wav,05303,door,-5,train,0.50712,
mixed_0072.wav,book_00007_chp_0008_reader_01326_64_seg_2_seg1.wav,01326,typing,10,train,1.0,
mixed_0073.wav,book_00000_chp_0009_reader_06709_23_seg_0_seg1.wav,06709,typing,5,train,0.55275,
mixed_0074.wav,book_00028_chp_0015_reader_08897_52_seg_1_seg1.wav,08897,door,20,val,1.0,
mixed_0075.wav,book_00008_chp_0146_reader_07907_5_seg_0_seg3.wav,07907,door,0,train,1.0,
mixed_0076.wav,book_00008_chp_0146_reader_07907_6_seg_2_seg4.wav,07907,copy-machine,0,train,1.0,
mixed_0077.wav,book_00028_chp_0031_reader_05303_50_seg_0_seg1.wav,05303,squeakyChair,10,train,1.0,
mixed_0078.wav,book_00008_chp_0146_reader_07907_3_seg_1_seg3.wav,07907,door,10,train,1.0,
mixed_0079.wav,book_00028_chp_0031_reader_05303_62_seg_1_seg1.wav,05303,copy-machine,5,train,1.0,
mixed_0080.wav,book_00007_chp_0008_reader_01326_32_seg_0_seg1.wav,01326,typing,0,train,0.72483,
mixed_0081.wav,book_00028_chp_0031_reader_05303_20_seg_2_seg1.wav,05303,typing,10,train,1.0,
mixed_0082.wav,book_00000_chp_0009_reader_06709_20_seg_0_seg1.wav,06709,typing,20,train,1.0,
mixed_0083.wav,book_00028_chp_0031_reader_05303_66_seg_2_seg1.wav,05303,door,15,train,1.0,
mixed_0084.wav,book_00028_chp_0031_reader_05303_1_seg_2_seg1.wav,05303,door,-5,train,0.53961,
mixed_0085.wav,book_00028_chp_0031_reader_05303_74_seg_2_seg1.wav,05303,door,15,train,1.0,
mixed_0086.wav,book_00028_chp_0031_reader_05303_85_seg_1_seg2.wav,05303,door,20,train,1.0,
mixed_0087.wav,book_00025_chp_0019_reader_04069_38_seg_2_seg1.wav,04069,door,0,train,0.8136,
mixed_0088.wav,book_00025_chp_0019_reader_04069_10_seg_1_seg1.wav,04069,typing,-5,train,0.45364,
mixed_0089.wav,book_00028_chp_0031_reader_05303_71_seg_1_seg2.wav,05303,squeakyChair,0,train,0.89448,
mixed_0090.wav,book_00028_chp_0031_reader_05303_62_seg_0_seg2.wav,05303,typing,15,train,1.0,
mixed_0091.wav,book_00000_chp_0009_reader_06709_8_seg_1_seg1.wav,06709,door,20,train,1.0,
mixed_0092.wav,book_00028_chp_0031_reader_05303_41_seg_2_seg1.wav,05303,typing,15,train,1.0,
mixed_0093.wav,book_00028_chp_0031_reader_05303_65_seg_0_seg1.wav,05303,typing,10,train,0.82822,
mixed_0094.wav,book_00007_chp_0008_reader_01326_23_seg_0_seg1.wav,01326,typing,0,train,0.65517,
mixed_0095.wav,book_00028_chp_0031_reader_05303_22_seg_0_seg1.wav,05303,door,15,train,1.0,
mixed_0097.wav,book_00025_chp_0019_reader_04069_16_seg_2_seg1.wav,04069,typing,10,train,0.88072,
mixed_0098.wav,book_00028_chp_0031_reader_05303_50_seg_2_seg1.wav,05303,typing,10,train,1.0,
mixed_0099.wav,book_00028_chp_0031_reader_05303_83_seg_0_seg1.wav,05303,typing,15,train,1.0,
mixed_0100.wav,book_00000_chp_0009_reader_06709_15_seg_2_seg1.wav,06709,typing,-5,train,0.26048,
mixed_0101.wav,book_00028_chp_0031_reader_05303_34_seg_0_seg2.wav,05303,typing,-5,train,0.07398,
mixed_0102.wav,book_00025_chp_0019_reader_04069_44_seg_2_seg1.wav,04069,door,15,train,1.0,
mixed_0103.wav,book_00028_chp_0015_reader_08897_42_seg_2_seg1.wav,08897,typing,5,val,1.0,
mixed_0104.wav,book_00002_chp_0005_reader_11980_0_seg_2_seg1.wav,11980,door,0,train,0.58518,
mixed_0105.wav,book_00028_chp_0031_reader_05303_21_seg_2_seg2.wav,05303,typing,5,train,0.62316,
mixed_0106.wav,book_00028_chp_0015_reader_08897_55_seg_1_seg1.wav,08897,typing,-5,val,0.44724,
mixed_0107.wav,book_00028_chp_0031_reader_05303_83_seg_0_seg2.wav,05303,typing,0,train,0.533,
mixed_0108.wav,book_00002_chp_0005_reader_11980_5_seg_0_seg2.wav,11980,typing,-5,train,0.22084,
mixed_0109.wav,book_00028_chp_0031_reader_05303_55_seg_1_seg1.wav,05303,squeakyChair,0,train,0.50841,
mixed_0110.wav,book_00008_chp_0146_reader_07907_10_seg_1_seg3.wav,07907,squeakyChair,5,train,1.0,
mixed_0111.wav,book_00002_chp_0005_reader_11980_13_seg_0_seg3.wav,11980,typing,10,train,1.0,
mixed_0112.wav,book_00026_chp_0039_reader_04408_38_seg_1_seg1.wav,04408,door,20,test,1.0,
mixed_0113.wav,book_00028_chp_0031_reader_05303_9_seg_0_seg3.wav,05303,door,5,train,1.0,
mixed_0114.wav,book_00028_chp_0031_reader_05303_7_seg_1_seg2.wav,05303,door,20,train,1.0,
mixed_0115.wav,book_00028_chp_0031_reader_05303_26_seg_1_seg1.wav,05303,typing,-5,train,0.36823,
mixed_0116.wav,book_00028_chp_0031_reader_05303_46_seg_0_seg1.wav,05303,typing,-5,train,0.17171,
mixed_0117.wav,book_00026_chp_0039_reader_04408_17_seg_0_seg1.wav,04408,typing,15,test,1.0,
mixed_0118.wav,book_00026_chp_0039_reader_04408_2_seg_1_seg1.wav,04408,door,20,test,1.0,
mixed_0119.wav,book_00025_chp_0019_reader_04069_3_seg_1_seg1.wav,04069,door,0,train,0.80304,
mixed_0120.wav,book_00028_chp_0038_reader_05919_22_seg_0_seg1.wav,05919,door,-5,train,0.45726,
mixed_0121.wav,book_00026_chp_0039_reader_04408_4_seg_1_seg2.wav,04408,typing,-5,test,0.20216,
mixed_0122.wav,book_00028_chp_0031_reader_05303_37_seg_1_seg2.wav,05303,typing,20,train,1.0,
mixed_0123.wav,book_00002_chp_0005_reader_11980_6_seg_0_seg2.wav,11980,typing,5,train,1.0,
mixed_0124.wav,book_00028_chp_0031_reader_05303_38_seg_1_seg2.wav,05303,typing,20,train,1.0,
mixed_0125.wav,book_00028_chp_0031_reader_05303_68_seg_0_seg1.wav,05303,typing,15,train,1.0,
mixed_0126.wav,book_00028_chp_0031_reader_05303_52_seg_0_seg1.wav,05303,door,20,train,1.0,
mixed_0127.wav,book_00002_chp_0005_reader_11980_2_seg_1_seg1.wav,11980,typing,5,train,0.5585,
mixed_0128.wav,book_00028_chp_0015_reader_08897_41_seg_2_seg2.wav,08897,door,0,val,1.0,
mixed_0129.wav,book_00002_chp_0005_reader_11980_8_seg_2_seg1.wav,11980,typing,20,train,1.0,
mixed_0130.wav,book_00002_chp_0005_reader_11980_9_seg_2_seg2.wav,11980,squeakyChair,20,train,1.0,
mixed_0131.wav,book_00025_chp_0019_reader_04069_8_seg_0_seg1.wav,04069,copy-machine,20,train,1.0,
mixed_0132.wav,book_00028_chp_0031_reader_05303_2_seg_2_seg4.wav,05303,door,10,train,1.0,
mixed_0133.wav,book_00028_chp_0031_reader_05303_60_seg_1_seg1.wav,05303,squeakyChair,10,train,1.0,
mixed_0134.wav,book_00028_chp_0031_reader_05303_82_seg_1_seg1.wav,05303,door,15,train,1.0,silent noise file
mixed_0135.wav,book_00026_chp_0039_reader_04408_41_seg_0_seg1.wav,04408,typing,-5,test,1.0,
mixed_0136.wav,book_00026_chp_0039_reader_04408_5_seg_0_seg2.wav,04408,door,0,test,1.0,
mixed_0137.wav,book_00026_chp_0039_reader_04408_35_seg_2_seg1.wav,04408,door,20,test,1.0,
mixed_0138.wav,book_00002_chp_0005_reader_11980_1_seg_0_seg2.wav,11980,typing,-5,train,0.90709,
mixed_0140.wav,book_00028_chp_0031_reader_05303_80_seg_2_seg1.wav,05303,door,-5,train,0.25769,
mixed_0141.wav,book_00028_chp_0015_reader_08897_57_seg_1_seg1.wav,08897,door,0,val,1.0,
mixed_0142.wav,book_00008_chp_0146_reader_07907_6_seg_1_seg3.wav,07907,door,-5,train,0.77112,
mixed_0143.wav,book_00028_chp_0031_reader_05303_60_seg_2_seg2.wav,05303,typing,10,train,1.0,
mixed_0144.wav,book_00028_chp_0031_reader_05303_17_seg_2_seg1.wav,05303,squeakyChair,10,train,1.0,
mixed_0145.wav,book_00026_chp_0039_reader_04408_39_seg_2_seg1.wav,04408,squeakyChair,20,test,1.0,
mixed_0146.wav,book_00028_chp_0031_reader_05303_8_seg_1_seg3.wav,05303,squeakyChair,20,train,1.0,
mixed_0147.wav,book_00002_chp_0005_reader_11980_21_seg_0_seg1.wav,11980,squeakyChair,0,train,0.41898,
mixed_0148.wav,book_00025_chp_0019_reader_04069_26_seg_0_seg1.wav,04069,typing,5,train,0.90964,
mixed_0150.wav,book_00007_chp_0008_reader_01326_1_seg_2_seg1.wav,01326,typing,-5,train,0.70053,
mixed_0151.wav,book_00025_chp_0019_reader_04069_4_seg_0_seg1.wav,04069,typing,10,train,1.0,
mixed_0152.wav,book_00028_chp_0015_reader_08897_44_seg_0_seg1.wav,08897,typing,0,val,0.85531,
mixed_0153.wav,book_00026_chp_0039_reader_04408_3_seg_2_seg1.wav,04408,door,10,test,1.0,
mixed_0154.wav,book_00008_chp_0146_reader_07907_3_seg_2_seg3.wav,07907,typing,5,train,1.0,
mixed_0155.wav,book_00028_chp_0038_reader_05919_31_seg_2_seg1.wav,05919,typing,15,train,1.0,
mixed_0156.wav,book_00002_chp_0005_reader_11980_8_seg_0_seg3.wav,11980,typing,15,train,1.0,
mixed_0157.wav,book_00025_chp_0019_reader_04069_39_seg_2_seg2.wav,04069,squeakyChair,5,train,1.0,
mixed_0158.wav,book_00028_chp_0031_reader_05303_11_seg_0_seg3.wav,05303,typing,0,train,1.0,
mixed_0159.wav,book_00008_chp_0146_reader_07907_4_seg_0_seg1.wav,07907,typing,0,train,0.29033,
mixed_0160.wav,book_00026_chp_0039_reader_04408_5_seg_2_seg1.wav,04408,door,20,test,1.0,
mixed_0161.wav,book_00028_chp_0031_reader_05303_57_seg_1_seg1.wav,05303,door,10,train,1.0,
mixed_0162.wav,book_00028_chp_0031_reader_05303_25_seg_2_seg1.wav,05303,typing,15,train,1.0,
mixed_0163.wav,book_00028_chp_0031_reader_05303_63_seg_1_seg1.wav,05303,door,-5,train,0.73608,
mixed_0164.wav,book_00028_chp_0038_reader_05919_18_seg_0_seg1.wav,05919,typing,-5,train,1.0,
mixed_0165.wav,book_00028_chp_0031_reader_05303_23_seg_1_seg3.wav,05303,typing,15,train,1.0,
mixed_0166.wav,book_00007_chp_0008_reader_01326_5_seg_1_seg1.wav,01326,door,10,train,1.0,
mixed_0167.wav,book_00028_chp_0031_reader_05303_18_seg_0_seg2.wav,05303,squeakyChair,15,train,1.0,
mixed_0168.wav,book_00028_chp_0031_reader_05303_22_seg_2_seg2.wav,05303,door,15,train,1.0,
mixed_0169.wav,book_00008_chp_0146_reader_07907_4_seg_1_seg2.wav,07907,typing,5,train,1.0,
mixed_0170.wav,book_00007_chp_0008_reader_01326_74_seg_1_seg1.wav,01326,door,20,train,1.0,
mixed_0171.wav,book_00008_chp_0146_reader_07907_4_seg_0_seg3.wav,07907,typing,-5,train,0.24989,
mixed_0172.wav,book_00028_chp_0031_reader_05303_34_seg_2_seg2.wav,05303,typing,-5,train,0.91499,
mixed_0173.wav,book_00002_chp_0005_reader_11980_2_seg_2_seg1.wav,11980,door,5,train,1.0,
mixed_0174.wav,book_00028_chp_0031_reader_05303_33_seg_2_seg1.wav,05303,door,20,train,1.0,
mixed_0175.wav,book_00007_chp_0008_reader_01326_69_seg_0_seg1.wav,01326,door,-5,train,1.0,
mixed_0176.wav,book_00028_chp_0031_reader_05303_0_seg_1_seg1.wav,05303,typing,5,train,0.53206,
mixed_0177.wav,book_00028_chp_0015_reader_08897_1_seg_1_seg1.wav,08897,door,-5,val,1.0,
mixed_0178.wav,book_00026_chp_0039_reader_04408_38_seg_2_seg1.wav,04408,door,0,test,1.0,
mixed_0179.wav,book_00007_chp_0008_reader_01326_62_seg_2_seg1.wav,01326,door,-5,train,1.0,
mixed_0180.wav,book_00025_chp_0019_reader_04069_1_seg_1_seg1.wav,04069,typing,0,train,0.97655,
mixed_0181.wav,book_00026_chp_0039_reader_04408_31_seg_2_seg1.wav,04408,door,10,test,1.0,
mixed_0182.wav,book_00028_chp_0015_reader_08897_36_seg_2_seg1.wav,08897,typing,10,val,1.0,
mixed_0183.wav,book_00028_chp_0031_reader_05303_49_seg_1_seg1.wav,05303,door,20,train,1.0,
mixed_0184.wav,book_00008_chp_0146_reader_07907_6_seg_0_seg4.wav,07907,typing,5,train,1.0,
mixed_0185.wav,book_00007_chp_0008_reader_01326_34_seg_0_seg1.wav,01326,door,15,train,1.0,
mixed_0186.wav,book_00028_chp_0038_reader_05919_36_seg_0_seg1.wav,05919,door,-5,train,0.57293,
mixed_0187.wav,book_00028_chp_0015_reader_08897_6_seg_2_seg1.wav,08897,door,-5,val,0.23033,
mixed_0188.wav,book_00007_chp_0008_reader_01326_20_seg_0_seg1.wav,01326,typing,10,train,1.0,
mixed_0189.wav,book_00008_chp_0146_reader_07907_1_seg_0_seg2.wav,07907,door,20,train,1.0,
mixed_0190.wav,book_00028_chp_0031_reader_05303_22_seg_0_seg3.wav,05303,typing,-5,train,0.34662,
mixed_0191.wav,book_00008_chp_0146_reader_07907_5_seg_2_seg1.wav,07907,door,-5,train,1.0,
mixed_0192.wav,book_00000_chp_0009_reader_06709_26_seg_0_seg1.wav,06709,squeakyChair,5,train,0.65125,
mixed_0193.wav,book_00028_chp_0031_reader_05303_17_seg_0_seg1.wav,05303,typing,20,train,1.0,
mixed_0194.wav,book_00028_chp_0015_reader_08897_71_seg_0_seg1.wav,08897,copy-machine,5,val,1.0,
mixed_0195.wav,book_00028_chp_0031_reader_05303_42_seg_0_seg2.wav,05303,door,15,train,1.0,
mixed_0196.wav,book_00028_chp_0031_reader_05303_23_seg_1_seg2.wav,05303,door,20,train,1.0,
mixed_0197.wav,book_00008_chp_0146_reader_07907_1_seg_1_seg4.wav,07907,door,15,train,1.0,
mixed_0198.wav,book_00028_chp_0031_reader_05303_15_seg_1_seg1.wav,05303,door,10,train,1.0,
mixed_0199.wav,book_00028_chp_0031_reader_05303_73_seg_2_seg1.wav,05303,door,10,train,1.0,
mixed_0200.wav,book_00002_chp_0005_reader_11980_17_seg_0_seg2.wav,11980,squeakyChair,20,train,1.0,
mixed_0201.wav,book_00002_chp_0005_reader_11980_20_seg_0_seg1.wav,11980,typing,-5,train,1.0,
mixed_0202.wav,book_00028_chp_0038_reader_05919_5_seg_1_seg1.wav,05919,typing,0,train,0.43443,
mixed_0203.wav,book_00028_chp_0031_reader_05303_31_seg_1_seg2.wav,05303,door,20,train,1.0,
mixed_0204.wav,book_00026_chp_0039_reader_04408_40_seg_0_seg1.wav,04408,copy-machine,-5,test,1.0,
mixed_0205.wav,book_00002_chp_0005_reader_11980_16_seg_1_seg1.wav,11980,door,10,train,1.0,
mixed_0206.wav,book_00028_chp_0031_reader_05303_28_seg_1_seg1.wav,05303,door,20,train,1.0,
mixed_0207.wav,book_00000_chp_0009_reader_06709_18_seg_2_seg1.wav,06709,door,5,train,0.51234,
mixed_0208.wav,book_00028_chp_0015_reader_08897_50_seg_2_seg1.wav,08897,door,10,val,1.0,
mixed_0209.wav,book_00028_chp_0031_reader_05303_21_seg_2_seg1.wav,05303,typing,0,train,1.0,
mixed_0210.wav,book_00008_chp_0146_reader_07907_3_seg_1_seg1.wav,07907,squeakyChair,10,train,1.0,
mixed_0211.wav,book_00008_chp_0146_reader_07907_7_seg_1_seg1.wav,07907,door,0,train,1.0,
mixed_0212.wav,book_00028_chp_0031_reader_05303_4_seg_1_seg2.wav,05303,door,10,train,1.0,
mixed_0213.wav,book_00028_chp_0031_reader_05303_27_seg_0_seg1.wav,05303,typing,-5,train,1.0,
mixed_0214.wav,book_00028_chp_0031_reader_05303_47_seg_1_seg2.wav,05303,door,20,train,1.0,
mixed_0215.wav,book_00025_chp_0019_reader_04069_23_seg_1_seg1.wav,04069,door,15,train,1.0,
mixed_0216.wav,book_00025_chp_0019_reader_04069_36_seg_1_seg1.wav,04069,door,0,train,1.0,
mixed_0217.wav,book_00008_chp_0146_reader_07907_1_seg_2_seg3.wav,07907,copy-machine,5,train,1.0,
mixed_0218.wav,book_00028_chp_0015_reader_08897_77_seg_1_seg1.wav,08897,door,20,val,1.0,
mixed_0219.wav,book_00028_chp_0031_reader_05303_61_seg_1_seg2.wav,05303,door,15,train,1.0,
mixed_0220.wav,book_00008_chp_0146_reader_07907_7_seg_0_seg4.wav,07907,typing,10,train,1.0,
mixed_0221.wav,book_00028_chp_0038_reader_05919_13_seg_2_seg1.wav,05919,squeakyChair,10,train,1.0,
mixed_0222.wav,book_00008_chp_0146_reader_07907_4_seg_2_seg1.wav,07907,typing,0,train,0.74866,
mixed_0223.wav,book_00025_chp_0019_reader_04069_27_seg_1_seg1.wav,04069,door,15,train,1.0,
mixed_0224.wav,book_00028_chp_0038_reader_05919_29_seg_0_seg1.wav,05919,typing,0,train,0.36953,
mixed_0225.wav,book_00002_chp_0005_reader_11980_7_seg_1_seg1.wav,11980,typing,-5,train,1.0,
mixed_0226.wav,book_00028_chp_0038_reader_05919_32_seg_1_seg1.wav,05919,door,0,train,0.73596,
mixed_0228.wav,book_00008_chp_0146_reader_07907_8_seg_2_seg1.wav,07907,typing,0,train,0.29915,
mixed_0229.wav,book_00028_chp_0031_reader_05303_44_seg_0_seg1.wav,05303,typing,5,train,1.0,silent noise file
mixed_0230.wav,book_00028_chp_0031_reader_05303_10_seg_2_seg1.wav,05303,door,0,train,1.0,
mixed_0231.wav,book_00025_chp_0019_reader_04069_18_seg_2_seg1.wav,04069,typing,20,train,1.0,
mixed_0232.wav,book_00002_chp_0005_reader_11980_17_seg_1_seg2.wav,11980,typing,5,train,0.53582,
mixed_0233.wav,book_00002_chp_0005_reader_11980_12_seg_1_seg2.wav,11980,squeakyChair,15,train,1.0,
mixed_0234.wav,book_00028_chp_0031_reader_05303_3_seg_1_seg1.wav,05303,typing,-5,train,0.19568,
mixed_0235.wav,book_00008_chp_0146_reader_07907_10_seg_0_seg1.wav,07907,typing,15,train,1.0,
mixed_0236.wav,book_00026_chp_0039_reader_04408_17_seg_2_seg1.wav,04408,typing,15,test,1.0,
mixed_0237.wav,book_00028_chp_0038_reader_05919_3_seg_1_seg2.wav,05919,squeakyChair,-5,train,0.96192,
mixed_0238.wav,book_00026_chp_0039_reader_04408_6_seg_0_seg2.wav,04408,door,20,test,1.0,
mixed_0239.wav,book_00007_chp_0008_reader_01326_55_seg_0_seg1.wav,01326,typing,15,train,1.0,
mixed_0240.wav,book_00028_chp_0015_reader_08897_66_seg_2_seg1.wav,08897,squeakyChair,10,val,1.0,
mixed_0241.wav,book_00002_chp_0005_reader_11980_3_seg_1_seg2.wav,11980,door,15,train,1.0,
mixed_0242.wav,book_00028_chp_0015_reader_08897_45_seg_0_seg1.wav,08897,typing,5,val,1.0,
mixed_0243.wav,book_00028_chp_0015_reader_08897_41_seg_0_seg1.wav,08897,door,15,val,1.0,
mixed_0244.wav,book_00002_chp_0005_reader_11980_18_seg_0_seg1.wav,11980,door,15,train,1.0,
mixed_0245.wav,book_00008_chp_0146_reader_07907_2_seg_1_seg2.wav,07907,door,5,train,1.0,
mixed_0246.wav,book_00026_chp_0039_reader_04408_27_seg_1_seg1.wav,04408,squeakyChair,10,test,1.0,
mixed_0247.wav,book_00002_chp_0005_reader_11980_3_seg_2_seg1.wav,11980,squeakyChair,0,train,1.0,
mixed_0248.wav,book_00025_chp_0019_reader_04069_39_seg_2_seg1.wav,04069,typing,0,train,1.0,
mixed_0249.wav,book_00028_chp_0031_reader_05303_36_seg_0_seg2.wav,05303,typing,15,train,1.0,
mixed_0250.wav,book_00026_chp_0039_reader_04408_17_seg_0_seg2.wav,04408,squeakyChair,10,test,1.0,
mixed_0251.wav,book_00028_chp_0031_reader_05303_0_seg_0_seg1.wav,05303,door,-5,train,0.28806,
mixed_0252.wav,book_00028_chp_0031_reader_05303_57_seg_0_seg1.wav,05303,typing,10,train,0.79789,
mixed_0253.wav,book_00028_chp_0031_reader_05303_8_seg_2_seg1.wav,05303,door,0,train,1.0,
mixed_0254.wav,book_00025_chp_0019_reader_04069_24_seg_0_seg2.wav,04069,squeakyChair,20,train,1.0,
mixed_0255.wav,book_00028_chp_0031_reader_05303_16_seg_1_seg1.wav,05303,typing,0,train,0.4806,
mixed_0256.wav,book_00008_chp_0146_reader_07907_0_seg_0_seg1.wav,07907,typing,-5,train,0.22053,
mixed_0257.wav,book_00000_chp_0009_reader_06709_4_seg_1_seg1.wav,06709,typing,15,train,1.0,
mixed_0258.wav,book_00028_chp_0031_reader_05303_48_seg_0_seg1.wav,05303,door,-5,train,0.65263,
mixed_0259.wav,book_00028_chp_0031_reader_05303_22_seg_2_seg3.wav,05303,door,0,train,1.0,
mixed_0260.wav,book_00002_chp_0005_reader_11980_19_seg_2_seg3.wav,11980,door,20,train,1.0,
mixed_0261.wav,book_00026_chp_0039_reader_04408_36_seg_0_seg1.wav,04408,door,-5,test,0.51456,
mixed_0262.wav,book_00000_chp_0009_reader_06709_26_seg_2_seg1.wav,06709,door,-5,train,0.3937,
mixed_0263.wav,book_00002_chp_0005_reader_11980_1_seg_0_seg1.wav,11980,door,15,train,1.0,
mixed_0264.wav,book_00028_chp_0031_reader_05303_15_seg_0_seg1.wav,05303,door,10,train,1.0,
mixed_0265.wav,book_00028_chp_0031_reader_05303_79_seg_0_seg2.wav,05303,door,20,train,1.0,
mixed_0266.wav,book_00028_chp_0031_reader_05303_23_seg_1_seg1.wav,05303,typing,5,train,0.5482,
mixed_0267.wav,book_00025_chp_0019_reader_04069_16_seg_1_seg1.wav,04069,door,20,train,1.0,
mixed_0268.wav,book_00028_chp_0031_reader_05303_14_seg_2_seg1.wav,05303,typing,-5,train,0.19497,
mixed_0269.wav,book_00002_chp_0005_reader_11980_20_seg_2_seg3.wav,11980,door,-5,train,1.0,
mixed_0270.wav,book_00007_chp_0008_reader_01326_27_seg_2_seg1.wav,01326,typing,15,train,1.0,
mixed_0271.wav,book_00002_chp_0005_reader_11980_18_seg_2_seg1.wav,11980,typing,-5,train,0.39453,
mixed_0272.wav,book_00008_chp_0146_reader_07907_1_seg_2_seg2.wav,07907,door,10,train,1.0,
mixed_0273.wav,book_00028_chp_0015_reader_08897_68_seg_2_seg1.wav,08897,typing,10,val,1.0,
mixed_0274.wav,book_00000_chp_0009_reader_06709_5_seg_1_seg1.wav,06709,squeakyChair,-5,train,0.32278,
mixed_0276.wav,book_00028_chp_0031_reader_05303_52_seg_1_seg1.wav,05303,squeakyChair,5,train,0.3592,
mixed_0277.wav,book_00028_chp_0031_reader_05303_80_seg_0_seg1.wav,05303,door,-5,train,0.82605,
mixed_0278.wav,book_00002_chp_0005_reader_11980_0_seg_0_seg1.wav,11980,door,5,train,1.0,
mixed_0279.wav,book_00007_chp_0008_reader_01326_1_seg_1_seg2.wav,01326,typing,0,train,0.64472,
mixed_0280.wav,book_00028_chp_0031_reader_05303_81_seg_0_seg1.wav,05303,door,-5,train,0.16112,
mixed_0281.wav,book_00025_chp_0019_reader_04069_42_seg_1_seg1.wav,04069,door,-5,train,0.76282,
mixed_0282.wav,book_00028_chp_0015_reader_08897_19_seg_1_seg1.wav,08897,typing,0,val,0.38636,
mixed_0283.wav,book_00026_chp_0039_reader_04408_5_seg_1_seg1.wav,04408,copy-machine,15,test,1.0,
mixed_0284.wav,book_00028_chp_0031_reader_05303_82_seg_0_seg1.wav,05303,door,5,train,1.0,
mixed_0285.wav,book_00002_chp_0005_reader_11980_7_seg_2_seg1.wav,11980,typing,15,train,1.0,
mixed_0286.wav,book_00007_chp_0008_reader_01326_56_seg_1_seg1.wav,01326,squeakyChair,20,train,1.0,
mixed_0287.wav,book_00007_chp_0008_reader_01326_45_seg_2_seg1.wav,01326,typing,15,train,1.0,
mixed_0288.wav,book_00028_chp_0031_reader_05303_42_seg_0_seg1.wav,05303,door,15,train,1.0,silent noise file
mixed_0289.wav,book_00028_chp_0031_reader_05303_26_seg_2_seg1.wav,05303,squeakyChair,5,train,1.0,
mixed_0290.wav,book_00002_chp_0005_reader_11980_16_seg_0_seg1.wav,11980,typing,-5,train,1.0,
mixed_0291.wav,book_00028_chp_0031_reader_05303_74_seg_0_seg2.wav,05303,typing,5,train,1.0,
mixed_0292.wav,book_00026_chp_0039_reader_04408_39_seg_1_seg1.wav,04408,typing,-5,test,0.34072,
mixed_0293.wav,book_00002_chp_0005_reader_11980_19_seg_0_seg1.wav,11980,squeakyChair,10,train,1.0,
mixed_0294.wav,book_00002_chp_0005_reader_11980_15_seg_2_seg3.wav,11980,door,5,train,1.0,
mixed_0295.wav,book_00026_chp_0039_reader_04408_42_seg_0_seg2.wav,04408,door,15,test,1.0,
mixed_0296.wav,book_00028_chp_0038_reader_05919_15_seg_1_seg2.wav,05919,typing,-5,train,0.99854,
mixed_0297.wav,book_00026_chp_0039_reader_04408_41_seg_0_seg2.wav,04408,door,15,test,1.0,
mixed_0298.wav,book_00028_chp_0031_reader_05303_46_seg_0_seg3.wav,05303,typing,15,train,1.0,
mixed_0300.wav,book_00026_chp_0039_reader_04408_16_seg_0_seg1.wav,04408,typing,5,test,0.803,
mixed_0301.wav,book_00028_chp_0031_reader_05303_3_seg_0_seg1.wav,05303,typing,20,train,1.0,
mixed_0302.wav,book_00028_chp_0015_reader_08897_3_seg_1_seg1.wav,08897,copy-machine,0,val,1.0,
mixed_0303.wav,book_00007_chp_0008_reader_01326_58_seg_0_seg1.wav,01326,door,10,train,1.0,
mixed_0304.wav,book_00008_chp_0146_reader_07907_4_seg_2_seg2.wav,07907,squeakyChair,5,train,1.0,
mixed_0305.wav,book_00007_chp_0008_reader_01326_19_seg_2_seg1.wav,01326,door,10,train,1.0,
mixed_0306.wav,book_00028_chp_0015_reader_08897_29_seg_1_seg1.wav,08897,squeakyChair,0,val,0.7237,
mixed_0307.wav,book_00008_chp_0146_reader_07907_3_seg_0_seg2.wav,07907,typing,0,train,0.36538,
mixed_0308.wav,book_00026_chp_0039_reader_04408_42_seg_1_seg1.wav,04408,typing,-5,test,0.22688,
mixed_0309.wav,book_00028_chp_0031_reader_05303_33_seg_1_seg1.wav,05303,door,5,train,1.0,
mixed_0310.wav,book_00025_chp_0019_reader_04069_43_seg_2_seg1.wav,04069,typing,5,train,1.0,
mixed_0311.wav,book_00028_chp_0015_reader_08897_77_seg_2_seg1.wav,08897,door,5,val,0.31932,
mixed_0312.wav,book_00026_chp_0039_reader_04408_13_seg_2_seg1.wav,04408,door,20,test,1.0,
mixed_0313.wav,book_00028_chp_0031_reader_05303_20_seg_2_seg2.wav,05303,typing,10,train,1.0,
mixed_0314.wav,book_00002_chp_0005_reader_11980_15_seg_2_seg1.wav,11980,typing,-5,train,0.52922,
mixed_0315.wav,book_00026_chp_0039_reader_04408_22_seg_0_seg1.wav,04408,typing,15,test,1.0,
mixed_0316.wav,book_00026_chp_0039_reader_04408_42_seg_0_seg1.wav,04408,door,10,test,1.0,
mixed_0317.wav,book_00000_chp_0009_reader_06709_15_seg_0_seg1.wav,06709,door,20,train,1.0,
mixed_0318.wav,book_00002_chp_0005_reader_11980_11_seg_2_seg1.wav,11980,door,20,train,1.0,
mixed_0319.wav,book_00026_chp_0039_reader_04408_6_seg_0_seg1.wav,04408,typing,10,test,1.0,
mixed_0320.wav,book_00028_chp_0031_reader_05303_78_seg_2_seg1.wav,05303,door,-5,train,0.40507,
mixed_0321.wav,book_00007_chp_0008_reader_01326_73_seg_0_seg2.wav,01326,door,15,train,1.0,
mixed_0322.wav,book_00028_chp_0031_reader_05303_70_seg_2_seg2.wav,05303,typing,5,train,1.0,
mixed_0323.wav,book_00008_chp_0146_reader_07907_7_seg_2_seg1.wav,07907,door,-5,train,0.63795,
mixed_0324.wav,book_00028_chp_0031_reader_05303_4_seg_0_seg1.wav,05303,squeakyChair,10,train,1.0,
mixed_0325.wav,book_00007_chp_0008_reader_01326_10_seg_1_seg1.wav,01326,squeakyChair,-5,train,1.0,
mixed_0326.wav,book_00028_chp_0015_reader_08897_43_seg_2_seg1.wav,08897,typing,10,val,1.0,
mixed_0327.wav,book_00028_chp_0038_reader_05919_23_seg_0_seg1.wav,05919,squeakyChair,-5,train,1.0,
mixed_0328.wav,book_00007_chp_0008_reader_01326_26_seg_2_seg1.wav,01326,typing,5,train,1.0,
mixed_0329.wav,book_00028_chp_0031_reader_05303_61_seg_0_seg1.wav,05303,door,-5,train,0.28374,
mixed_0330.wav,book_00025_chp_0019_reader_04069_7_seg_2_seg1.wav,04069,door,-5,train,0.49839,
mixed_0331.wav,book_00026_chp_0039_reader_04408_22_seg_0_seg2.wav,04408,door,15,test,1.0,
mixed_0332.wav,book_00026_chp_0039_reader_04408_31_seg_2_seg2.wav,04408,typing,0,test,1.0,
mixed_0333.wav,book_00028_chp_0038_reader_05919_11_seg_0_seg1.wav,05919,door,20,train,1.0,
mixed_0334.wav,book_00028_chp_0015_reader_08897_32_seg_0_seg1.wav,08897,typing,5,val,1.0,
mixed_0335.wav,book_00026_chp_0039_reader_04408_41_seg_1_seg1.wav,04408,door,5,test,1.0,
mixed_0336.wav,book_00000_chp_0009_reader_06709_4_seg_0_seg1.wav,06709,typing,-5,train,0.16095,
mixed_0337.wav,book_00028_chp_0031_reader_05303_49_seg_2_seg1.wav,05303,typing,5,train,0.74653,
mixed_0338.wav,book_00028_chp_0015_reader_08897_45_seg_2_seg1.wav,08897,door,-5,val,0.76558,
mixed_0339.wav,book_00028_chp_0031_reader_05303_37_seg_2_seg1.wav,05303,typing,20,train,1.0,
mixed_0340.wav,book_00026_chp_0039_reader_04408_25_seg_2_seg1.wav,04408,door,15,test,1.0,
mixed_0341.wav,book_00028_chp_0031_reader_05303_37_seg_2_seg2.wav,05303,door,10,train,1.0,
mixed_0342.wav,book_00028_chp_0031_reader_05303_20_seg_0_seg1.wav,05303,typing,20,train,1.0,
mixed_0343.wav,book_00007_chp_0008_reader_01326_0_seg_2_seg1.wav,01326,door,10,train,1.0,
mixed_0344.wav,book_00028_chp_0031_reader_05303_31_seg_1_seg1.wav,05303,copy-machine,5,train,1.0,
mixed_0345.wav,book_00026_chp_0039_reader_04408_37_seg_0_seg1.wav,04408,door,-5,test,1.0,
mixed_0346.wav,book_00028_chp_0031_reader_05303_49_seg_1_seg3.wav,05303,squeakyChair,5,train,1.0,
mixed_0347.wav,book_00028_chp_0038_reader_05919_43_seg_1_seg1.wav,05919,door,5,train,1.0,
mixed_0348.wav,book_00002_chp_0005_reader_11980_12_seg_2_seg2.wav,11980,door,5,train,1.0,
mixed_0349.wav,book_00025_chp_0019_reader_04069_44_seg_0_seg2.wav,04069,typing,5,train,0.905,
mixed_0350.wav,book_00028_chp_0031_reader_05303_27_seg_1_seg1.wav,05303,squeakyChair,20,train,1.0,
mixed_0351.wav,book_00028_chp_0038_reader_05919_13_seg_1_seg1.wav,05919,typing,-5,train,0.45674,
mixed_0352.wav,book_00028_chp_0031_reader_05303_72_seg_2_seg1.wav,05303,typing,5,train,0.46701,
mixed_0353.wav,book_00028_chp_0031_reader_05303_63_seg_2_seg2.wav,05303,door,0,train,0.65983,
mixed_0354.wav,book_00025_chp_0019_reader_04069_34_seg_1_seg1.wav,04069,typing,15,train,1.0,
mixed_0355.wav,book_00026_chp_0039_reader_04408_32_seg_0_seg1.wav,04408,door,15,test,1.0,
mixed_0356.wav,book_00028_chp_0031_reader_05303_48_seg_1_seg2.wav,05303,door,15,train,1.0,
mixed_0357.wav,book_00028_chp_0015_reader_08897_47_seg_2_seg1.wav,08897,door,0,val,0.73171,
mixed_0358.wav,book_00008_chp_0146_reader_07907_10_seg_0_seg4.wav,07907,typing,10,train,1.0,
mixed_0359.wav,book_00028_chp_0031_reader_05303_25_seg_1_seg1.wav,05303,typing,15,train,1.0,
mixed_0360.wav,book_00026_chp_0039_reader_04408_15_seg_0_seg1.wav,04408,door,-5,test,0.38035,
mixed_0361.wav,book_00028_chp_0031_reader_05303_9_seg_1_seg1.wav,05303,door,0,train,1.0,
mixed_0362.wav,book_00002_chp_0005_reader_11980_0_seg_2_seg2.wav,11980,door,10,train,1.0,
mixed_0363.wav,book_00002_chp_0005_reader_11980_8_seg_1_seg1.wav,11980,typing,20,train,1.0,
mixed_0364.wav,book_00007_chp_0008_reader_01326_67_seg_2_seg1.wav,01326,typing,20,train,1.0,
mixed_0365.wav,book_00028_chp_0031_reader_05303_74_seg_0_seg1.wav,05303,typing,15,train,1.0,
mixed_0366.wav,book_00002_chp_0005_reader_11980_20_seg_1_seg1.wav,11980,door,5,train,1.0,
mixed_0367.wav,book_00025_chp_0019_reader_04069_38_seg_1_seg1.wav,04069,door,5,train,1.0,
mixed_0368.wav,book_00028_chp_0038_reader_05919_1_seg_0_seg1.wav,05919,typing,10,train,1.0,
mixed_0369.wav,book_00028_chp_0015_reader_08897_17_seg_0_seg1.wav,08897,typing,15,val,1.0,
mixed_0370.wav,book_00028_chp_0031_reader_05303_8_seg_1_seg1.wav,05303,door,10,train,1.0,
mixed_0371.wav,book_00028_chp_0015_reader_08897_43_seg_1_seg2.wav,08897,door,10,val,1.0,
mixed_0372.wav,book_00028_chp_0031_reader_05303_67_seg_1_seg1.wav,05303,typing,5,train,0.73037,
mixed_0373.wav,book_00028_chp_0038_reader_05919_12_seg_2_seg1.wav,05919,squeakyChair,10,train,1.0,
mixed_0374.wav,book_00025_chp_0019_reader_04069_24_seg_1_seg3.wav,04069,typing,10,train,1.0,
mixed_0375.wav,book_00028_chp_0031_reader_05303_46_seg_1_seg1.wav,05303,door,10,train,1.0,
mixed_0376.wav,book_00008_chp_0146_reader_07907_7_seg_0_seg3.wav,07907,typing,10,train,1.0,
mixed_0377.wav,book_00000_chp_0009_reader_06709_0_seg_2_seg1.wav,06709,typing,15,train,1.0,
mixed_0378.wav,book_00008_chp_0146_reader_07907_6_seg_1_seg2.wav,07907,door,0,train,1.0,
mixed_0379.wav,book_00028_chp_0031_reader_05303_46_seg_2_seg1.wav,05303,typing,0,train,0.41707,
mixed_0380.wav,book_00028_chp_0031_reader_05303_33_seg_0_seg2.wav,05303,typing,15,train,1.0,
mixed_0381.wav,book_00008_chp_0146_reader_07907_8_seg_1_seg2.wav,07907,typing,10,train,0.99017,
mixed_0382.wav,book_00028_chp_0031_reader_05303_30_seg_2_seg2.wav,05303,typing,0,train,0.56938,
mixed_0383.wav,book_00025_chp_0019_reader_04069_36_seg_0_seg1.wav,04069,door,10,train,1.0,
mixed_0384.wav,book_00028_chp_0031_reader_05303_28_seg_0_seg1.wav,05303,typing,0,train,1.0,
mixed_0385.wav,book_00028_chp_0038_reader_05919_33_seg_0_seg1.wav,05919,door,5,train,1.0,
mixed_0386.wav,book_00002_chp_0005_reader_11980_21_seg_2_seg1.wav,11980,door,20,train,1.0,
mixed_0387.wav,book_00028_chp_0031_reader_05303_2_seg_2_seg1.wav,05303,squeakyChair,20,train,1.0,
mixed_0388.wav,book_00028_chp_0031_reader_05303_0_seg_1_seg2.wav,05303,typing,-5,train,0.1764,
mixed_0389.wav,book_00002_chp_0005_reader_11980_14_seg_1_seg1.wav,11980,squeakyChair,0,train,1.0,
mixed_0390.wav,book_00000_chp_0009_reader_06709_16_seg_0_seg1.wav,06709,door,-5,train,0.14867,
mixed_0391.wav,book_00028_chp_0031_reader_05303_27_seg_2_seg2.wav,05303,door,20,train,1.0,
mixed_0392.wav,book_00028_chp_0015_reader_08897_10_seg_1_seg1.wav,08897,door,10,val,1.0,
mixed_0393.wav,book_00028_chp_0038_reader_05919_8_seg_0_seg1.wav,05919,typing,0,train,0.36101,
mixed_0394.wav,book_00028_chp_0031_reader_05303_20_seg_1_seg1.wav,05303,typing,20,train,1.0,
mixed_0395.wav,book_00028_chp_0031_reader_05303_47_seg_0_seg1.wav,05303,door,5,train,1.0,
mixed_0396.wav,book_00025_chp_0019_reader_04069_21_seg_2_seg1.wav,04069,typing,5,train,1.0,
mixed_0397.wav,book_00002_chp_0005_reader_11980_12_seg_0_seg2.wav,11980,typing,-5,train,0.47353,
mixed_0398.wav,book_00028_chp_0031_reader_05303_18_seg_2_seg1.wav,05303,door,20,train,1.0,
mixed_0399.wav,book_00025_chp_0019_reader_04069_26_seg_2_seg1.wav,04069,copy-machine,0,train,1.0,
mixed_0400.wav,book_00028_chp_0031_reader_05303_28_seg_2_seg1.wav,05303,typing,-5,train,0.70272,
mixed_0401.wav,book_00028_chp_0031_reader_05303_68_seg_2_seg2.wav,05303,door,5,train,1.0,
mixed_0402.wav,book_00028_chp_0031_reader_05303_22_seg_2_seg1.wav,05303,typing,15,train,1.0,
mixed_0403.wav,book_00028_chp_0038_reader_05919_0_seg_1_seg2.wav,05919,typing,5,train,1.0,
mixed_0404.wav,book_00025_chp_0019_reader_04069_23_seg_2_seg1.wav,04069,door,20,train,1.0,
mixed_0405.wav,book_00028_chp_0031_reader_05303_76_seg_0_seg1.wav,05303,door,5,train,1.0,
mixed_0406.wav,book_00028_chp_0031_reader_05303_24_seg_1_seg2.wav,05303,typing,15,train,0.81106,
mixed_0407.wav,book_00002_chp_0005_reader_11980_5_seg_1_seg4.wav,11980,typing,0,train,0.48008,
mixed_0408.wav,book_00028_chp_0038_reader_05919_14_seg_2_seg1.wav,05919,door,0,train,1.0,
mixed_0409.wav,book_00002_chp_0005_reader_11980_16_seg_0_seg3.wav,11980,typing,5,train,0.93694,
mixed_0410.wav,book_00028_chp_0031_reader_05303_19_seg_2_seg1.wav,05303,squeakyChair,-5,train,0.35846,
mixed_0411.wav,book_00028_chp_0031_reader_05303_36_seg_2_seg1.wav,05303,door,15,train,1.0,
mixed_0412.wav,book_00028_chp_0015_reader_08897_62_seg_1_seg1.wav,08897,typing,5,val,1.0,
mixed_0413.wav,book_00008_chp_0146_reader_07907_8_seg_1_seg3.wav,07907,door,15,train,1.0,
mixed_0414.wav,book_00002_chp_0005_reader_11980_10_seg_0_seg3.wav,11980,typing,15,train,1.0,
mixed_0415.wav,book_00002_chp_0005_reader_11980_15_seg_1_seg2.wav,11980,squeakyChair,-5,train,1.0,
mixed_0416.wav,book_00026_chp_0039_reader_04408_7_seg_1_seg2.wav,04408,door,15,test,1.0,
mixed_0417.wav,book_00028_chp_0015_reader_08897_13_seg_1_seg1.wav,08897,squeakyChair,10,val,1.0,
mixed_0418.wav,book_00028_chp_0038_reader_05919_23_seg_0_seg2.wav,05919,door,20,train,1.0,
mixed_0419.wav,book_00028_chp_0038_reader_05919_36_seg_1_seg1.wav,05919,typing,0,train,0.2043,
mixed_0420.wav,book_00028_chp_0031_reader_05303_43_seg_1_seg3.wav,05303,door,0,train,1.0,
mixed_0421.wav,book_00025_chp_0019_reader_04069_28_seg_1_seg1.wav,04069,typing,20,train,1.0,
mixed_0422.wav,book_00008_chp_0146_reader_07907_9_seg_2_seg1.wav,07907,door,20,train,1.0,
mixed_0423.wav,book_00028_chp_0031_reader_05303_45_seg_2_seg1.wav,05303,typing,10,train,1.0,
mixed_0424.wav,book_00008_chp_0146_reader_07907_3_seg_2_seg1.wav,07907,door,10,train,1.0,
mixed_0425.wav,book_00028_chp_0038_reader_05919_23_seg_1_seg1.wav,05919,door,15,train,1.0,
mixed_0426.wav,book_00028_chp_0031_reader_05303_47_seg_2_seg1.wav,05303,door,0,train,0.86575,
mixed_0427.wav,book_00002_chp_0005_reader_11980_15_seg_1_seg1.wav,11980,typing,5,train,1.0,
mixed_0428.wav,book_00028_chp_0031_reader_05303_71_seg_1_seg1.wav,05303,door,10,train,1.0,
mixed_0429.wav,book_00002_chp_0005_reader_11980_5_seg_0_seg3.wav,11980,squeakyChair,5,train,1.0,
mixed_0430.wav,book_00008_chp_0146_reader_07907_8_seg_2_seg2.wav,07907,typing,15,train,1.0,
mixed_0431.wav,book_00028_chp_0031_reader_05303_20_seg_0_seg2.wav,05303,typing,15,train,1.0,
mixed_0432.wav,book_00028_chp_0031_reader_05303_26_seg_1_seg2.wav,05303,squeakyChair,5,train,1.0,
mixed_0433.wav,book_00028_chp_0031_reader_05303_16_seg_2_seg1.wav,05303,door,0,train,1.0,
mixed_0434.wav,book_00007_chp_0008_reader_01326_17_seg_1_seg1.wav,01326,typing,10,train,1.0,
mixed_0435.wav,book_00025_chp_0019_reader_04069_30_seg_1_seg1.wav,04069,typing,20,train,1.0,
mixed_0436.wav,book_00026_chp_0039_reader_04408_2_seg_2_seg1.wav,04408,door,5,test,1.0,
mixed_0437.wav,book_00026_chp_0039_reader_04408_26_seg_0_seg2.wav,04408,door,15,test,1.0,
mixed_0438.wav,book_00028_chp_0031_reader_05303_70_seg_0_seg2.wav,05303,door,5,train,1.0,
mixed_0439.wav,book_00028_chp_0031_reader_05303_75_seg_1_seg1.wav,05303,door,5,train,1.0,
mixed_0440.wav,book_00028_chp_0031_reader_05303_43_seg_2_seg2.wav,05303,door,5,train,1.0,
mixed_0441.wav,book_00002_chp_0005_reader_11980_8_seg_0_seg2.wav,11980,typing,10,train,1.0,
mixed_0442.wav,book_00028_chp_0031_reader_05303_49_seg_2_seg2.wav,05303,door,20,train,1.0,
mixed_0443.wav,book_00028_chp_0015_reader_08897_20_seg_0_seg1.wav,08897,typing,20,val,1.0,
mixed_0444.wav,book_00028_chp_0031_reader_05303_72_seg_1_seg1.wav,05303,typing,20,train,1.0,
mixed_0445.wav,book_00007_chp_0008_reader_01326_10_seg_0_seg1.wav,01326,squeakyChair,0,train,1.0,
mixed_0446.wav,book_00025_chp_0019_reader_04069_4_seg_1_seg1.wav,04069,squeakyChair,15,train,1.0,
mixed_0447.wav,book_00028_chp_0031_reader_05303_34_seg_0_seg1.wav,05303,door,5,train,1.0,
mixed_0448.wav,book_00008_chp_0146_reader_07907_1_seg_2_seg1.wav,07907,door,5,train,0.7061,
mixed_0449.wav,book_00028_chp_0031_reader_05303_27_seg_2_seg3.wav,05303,typing,0,train,0.69345,
mixed_0450.wav,book_00000_chp_0009_reader_06709_24_seg_0_seg1.wav,06709,door,5,train,1.0,
mixed_0451.wav,book_00002_chp_0005_reader_11980_10_seg_2_seg1.wav,11980,door,0,train,0.70022,
mixed_0452.wav,book_00028_chp_0038_reader_05919_31_seg_2_seg2.wav,05919,typing,20,train,1.0,
mixed_0453.wav,book_00028_chp_0038_reader_05919_45_seg_0_seg1.wav,05919,door,5,train,1.0,
mixed_0454.wav,book_00028_chp_0031_reader_05303_77_seg_1_seg1.wav,05303,typing,0,train,0.35919,
mixed_0455.wav,book_00028_chp_0015_reader_08897_49_seg_1_seg1.wav,08897,typing,15,val,1.0,
mixed_0456.wav,book_00002_chp_0005_reader_11980_11_seg_1_seg2.wav,11980,typing,10,train,1.0,
mixed_0457.wav,book_00028_chp_0031_reader_05303_60_seg_2_seg1.wav,05303,typing,10,train,1.0,
mixed_0458.wav,book_00028_chp_0031_reader_05303_68_seg_0_seg3.wav,05303,typing,10,train,0.7952,
mixed_0459.wav,book_00028_chp_0031_reader_05303_36_seg_0_seg1.wav,05303,door,5,train,0.82768,
mixed_0460.wav,book_00028_chp_0031_reader_05303_62_seg_2_seg1.wav,05303,door,-5,train,0.99683,
mixed_0461.wav,book_00026_chp_0039_reader_04408_19_seg_0_seg1.wav,04408,door,15,test,1.0,
mixed_0462.wav,book_00026_chp_0039_reader_04408_32_seg_1_seg1.wav,04408,door,15,test,1.0,
mixed_0463.wav,book_00000_chp_0009_reader_06709_19_seg_0_seg1.wav,06709,door,-5,train,1.0,
mixed_0464.wav,book_00008_chp_0146_reader_07907_2_seg_0_seg2.wav,07907,door,15,train,1.0,
mixed_0465.wav,book_00028_chp_0031_reader_05303_78_seg_0_seg1.wav,05303,copy-machine,20,train,1.0,
mixed_0466.wav,book_00002_chp_0005_reader_11980_9_seg_0_seg1.wav,11980,typing,15,train,1.0,
mixed_0467.wav,book_00007_chp_0008_reader_01326_1_seg_0_seg1.wav,01326,door,15,train,1.0,
mixed_0468.wav,book_00002_chp_0005_reader_11980_17_seg_1_seg3.wav,11980,typing,-5,train,0.87155,
mixed_0469.wav,book_00025_chp_0019_reader_04069_24_seg_1_seg1.wav,04069,squeakyChair,-5,train,0.4663,
mixed_0470.wav,book_00025_chp_0019_reader_04069_4_seg_2_seg1.wav,04069,typing,10,train,1.0,
mixed_0471.wav,book_00028_chp_0031_reader_05303_35_seg_2_seg1.wav,05303,squeakyChair,-5,train,0.77837,
mixed_0472.wav,book_00028_chp_0031_reader_05303_70_seg_0_seg1.wav,05303,typing,20,train,1.0,
mixed_0473.wav,book_00008_chp_0146_reader_07907_5_seg_1_seg1.wav,07907,squeakyChair,0,train,0.86532,
mixed_0474.wav,book_00028_chp_0031_reader_05303_7_seg_0_seg2.wav,05303,door,20,train,1.0,
mixed_0475.wav,book_00028_chp_0015_reader_08897_21_seg_1_seg1.wav,08897,door,0,val,1.0,
mixed_0476.wav,book_00008_chp_0146_reader_07907_8_seg_0_seg2.wav,07907,typing,0,train,0.58318,
mixed_0477.wav,book_00028_chp_0038_reader_05919_25_seg_1_seg1.wav,05919,door,0,train,1.0,
mixed_0478.wav,book_00028_chp_0015_reader_08897_51_seg_0_seg1.wav,08897,door,-5,val,0.49103,
mixed_0479.wav,book_00002_chp_0005_reader_11980_6_seg_1_seg3.wav,11980,door,10,train,1.0,
mixed_0480.wav,book_00028_chp_0015_reader_08897_41_seg_2_seg1.wav,08897,door,20,val,1.0,
mixed_0481.wav,book_00028_chp_0031_reader_05303_85_seg_2_seg1.wav,05303,squeakyChair,20,train,1.0,
mixed_0482.wav,book_00028_chp_0031_reader_05303_0_seg_1_seg3.wav,05303,copy-machine,10,train,1.0,
mixed_0483.wav,book_00028_chp_0031_reader_05303_7_seg_1_seg3.wav,05303,door,0,train,1.0,
mixed_0484.wav,book_00028_chp_0031_reader_05303_41_seg_1_seg1.wav,05303,door,-5,train,0.33098,
mixed_0485.wav,book_00028_chp_0031_reader_05303_59_seg_0_seg1.wav,05303,door,20,train,1.0,
mixed_0486.wav,book_00028_chp_0031_reader_05303_75_seg_0_seg2.wav,05303,door,0,train,1.0,
mixed_0488.wav,book_00028_chp_0031_reader_05303_2_seg_2_seg3.wav,05303,door,5,train,1.0,
mixed_0489.wav,book_00028_chp_0038_reader_05919_17_seg_1_seg1.wav,05919,typing,15,train,1.0,
mixed_0490.wav,book_00007_chp_0008_reader_01326_30_seg_2_seg1.wav,01326,typing,0,train,0.43453,
mixed_0491.wav,book_00002_chp_0005_reader_11980_21_seg_0_seg2.wav,11980,door,15,train,1.0,
mixed_0492.wav,book_00028_chp_0038_reader_05919_7_seg_1_seg2.wav,05919,squeakyChair,0,train,0.78908,
mixed_0493.wav,book_00028_chp_0031_reader_05303_4_seg_2_seg1.wav,05303,door,0,train,0.82532,
mixed_0494.wav,book_00025_chp_0019_reader_04069_32_seg_0_seg1.wav,04069,squeakyChair,20,train,1.0,
mixed_0495.wav,book_00028_chp_0015_reader_08897_16_seg_1_seg1.wav,08897,typing,0,val,0.71014,
mixed_0496.wav,book_00028_chp_0031_reader_05303_81_seg_0_seg2.wav,05303,typing,10,train,1.0,
mixed_0497.wav,book_00002_chp_0005_reader_11980_18_seg_0_seg2.wav,11980,door,-5,train,1.0,
mixed_0498.wav,book_00028_chp_0031_reader_05303_11_seg_0_seg1.wav,05303,typing,10,train,1.0,
mixed_0499.wav,book_00026_chp_0039_reader_04408_0_seg_2_seg1.wav,04408,squeakyChair,5,test,1.0,
mixed_0500.wav,book_00028_chp_0031_reader_05303_8_seg_1_seg2.wav,05303,typing,-5,train,0.08293,
mixed_0501.wav,book_00028_chp_0038_reader_05919_39_seg_1_seg1.wav,05919,typing,20,train,1.0,
mixed_0502.wav,book_00002_chp_0005_reader_11980_11_seg_1_seg1.wav,11980,door,5,train,1.0,
mixed_0503.wav,book_00028_chp_0031_reader_05303_21_seg_1_seg1.wav,05303,squeakyChair,-5,train,1.0,
mixed_0504.wav,book_00025_chp_0019_reader_04069_37_seg_0_seg1.wav,04069,typing,20,train,1.0,
mixed_0505.wav,book_00028_chp_0015_reader_08897_64_seg_2_seg2.wav,08897,typing,-5,val,0.33924,
mixed_0506.wav,book_00002_chp_0005_reader_11980_13_seg_1_seg1.wav,11980,typing,10,train,1.0,
mixed_0507.wav,book_00002_chp_0005_reader_11980_12_seg_1_seg3.wav,11980,squeakyChair,20,train,1.0,
mixed_0508.wav,book_00028_chp_0031_reader_05303_45_seg_1_seg1.wav,05303,door,0,train,1.0,
mixed_0509.wav,book_00026_chp_0039_reader_04408_24_seg_0_seg1.wav,04408,door,20,test,1.0,
mixed_0511.wav,book_00007_chp_0008_reader_01326_15_seg_0_seg1.wav,01326,squeakyChair,20,train,1.0,
mixed_0512.wav,book_00002_chp_0005_reader_11980_17_seg_1_seg1.wav,11980,typing,15,train,1.0,
mixed_0513.wav,book_00025_chp_0019_reader_04069_35_seg_2_seg1.wav,04069,door,5,train,1.0,
mixed_0514.wav,book_00026_chp_0039_reader_04408_40_seg_1_seg1.wav,04408,door,15,test,1.0,
mixed_0515.wav,book_00028_chp_0015_reader_08897_62_seg_0_seg1.wav,08897,typing,20,val,1.0,
mixed_0516.wav,book_00028_chp_0031_reader_05303_62_seg_0_seg1.wav,05303,door,0,train,1.0,
mixed_0517.wav,book_00000_chp_0009_reader_06709_2_seg_0_seg1.wav,06709,typing,0,train,0.39668,
mixed_0518.wav,book_00028_chp_0031_reader_05303_49_seg_1_seg2.wav,05303,squeakyChair,20,train,1.0,
mixed_0519.wav,book_00026_chp_0039_reader_04408_8_seg_2_seg1.wav,04408,squeakyChair,15,test,1.0,
mixed_0520.wav,book_00000_chp_0009_reader_06709_0_seg_1_seg1.wav,06709,typing,10,train,1.0,
mixed_0521.wav,book_00008_chp_0146_reader_07907_1_seg_0_seg3.wav,07907,squeakyChair,15,train,1.0,
mixed_0522.wav,book_00028_chp_0015_reader_08897_80_seg_1_seg1.wav,08897,typing,-5,val,0.22934,
mixed_0523.wav,book_00028_chp_0038_reader_05919_15_seg_1_seg1.wav,05919,typing,0,train,1.0,
mixed_0524.wav,book_00028_chp_0038_reader_05919_34_seg_2_seg1.wav,05919,squeakyChair,-5,train,0.88375,
mixed_0525.wav,book_00028_chp_0031_reader_05303_60_seg_0_seg2.wav,05303,typing,15,train,1.0,
mixed_0526.wav,book_00026_chp_0039_reader_04408_37_seg_1_seg1.wav,04408,typing,0,test,1.0,
mixed_0527.wav,book_00002_chp_0005_reader_11980_7_seg_2_seg3.wav,11980,door,5,train,1.0,
mixed_0528.wav,book_00028_chp_0031_reader_05303_55_seg_0_seg1.wav,05303,door,-5,train,0.19624,
mixed_0529.wav,book_00008_chp_0146_reader_07907_3_seg_2_seg2.wav,07907,door,0,train,0.63285,
mixed_0530.wav,book_00028_chp_0031_reader_05303_51_seg_1_seg1.wav,05303,door,0,train,1.0,
mixed_0531.wav,book_00028_chp_0031_reader_05303_71_seg_0_seg1.wav,05303,typing,0,train,0.29919,
mixed_0532.wav,book_00000_chp_0009_reader_06709_13_seg_2_seg1.wav,06709,typing,0,train,1.0,
mixed_0533.wav,book_00028_chp_0031_reader_05303_86_seg_2_seg1.wav,05303,typing,10,train,1.0,
mixed_0534.wav,book_00008_chp_0146_reader_07907_10_seg_1_seg1.wav,07907,door,5,train,1.0,
mixed_0535.wav,book_00028_chp_0031_reader_05303_2_seg_2_seg2.wav,05303,typing,15,train,1.0,
mixed_0536.wav,book_00028_chp_0038_reader_05919_12_seg_0_seg2.wav,05919,typing,20,train,1.0,
mixed_0537.wav,book_00028_chp_0038_reader_05919_8_seg_2_seg1.wav,05919,door,10,train,1.0,
mixed_0538.wav,book_00028_chp_0038_reader_05919_27_seg_0_seg1.wav,05919,door,20,train,1.0,
mixed_0539.wav,book_00028_chp_0031_reader_05303_82_seg_1_seg2.wav,05303,door,5,train,1.0,
mixed_0540.wav,book_00002_chp_0005_reader_11980_9_seg_1_seg1.wav,11980,typing,20,train,1.0,
mixed_0541.wav,book_00000_chp_0009_reader_06709_19_seg_1_seg1.wav,06709,copy-machine,-5,train,0.81871,
mixed_0542.wav,book_00025_chp_0019_reader_04069_3_seg_2_seg1.wav,04069,door,20,train,1.0,
mixed_0543.wav,book_00028_chp_0031_reader_05303_63_seg_1_seg2.wav,05303,door,10,train,1.0,
mixed_0544.wav,book_00028_chp_0031_reader_05303_43_seg_0_seg1.wav,05303,squeakyChair,20,train,1.0,
mixed_0545.wav,book_00028_chp_0031_reader_05303_10_seg_0_seg1.wav,05303,door,20,train,1.0,
mixed_0546.wav,book_00028_chp_0031_reader_05303_14_seg_0_seg1.wav,05303,squeakyChair,5,train,1.0,
mixed_0547.wav,book_00002_chp_0005_reader_11980_18_seg_1_seg3.wav,11980,door,0,train,0.31901,
mixed_0548.wav,book_00028_chp_0038_reader_05919_28_seg_2_seg1.wav,05919,typing,20,train,1.0,
mixed_0549.wav,book_00028_chp_0038_reader_05919_28_seg_2_seg2.wav,05919,typing,-5,train,0.25287,
mixed_0550.wav,book_00007_chp_0008_reader_01326_76_seg_2_seg1.wav,01326,squeakyChair,5,train,1.0,
mixed_0551.wav,book_00002_chp_0005_reader_11980_8_seg_1_seg3.wav,11980,typing,20,train,1.0,
mixed_0552.wav,book_00002_chp_0005_reader_11980_15_seg_0_seg1.wav,11980,typing,10,train,1.0,
mixed_0553.wav,book_00002_chp_0005_reader_11980_4_seg_1_seg1.wav,11980,typing,20,train,1.0,
mixed_0554.wav,book_00028_chp_0031_reader_05303_4_seg_1_seg1.wav,05303,typing,20,train,1.0,
mixed_0555.wav,book_00028_chp_0031_reader_05303_55_seg_2_seg1.wav,05303,typing,-5,train,0.47619,
mixed_0556.wav,book_00007_chp_0008_reader_01326_47_seg_1_seg1.wav,01326,door,15,train,1.0,
mixed_0557.wav,book_00028_chp_0031_reader_05303_7_seg_0_seg3.wav,05303,typing,10,train,1.0,
mixed_0558.wav,book_00028_chp_0038_reader_05919_11_seg_2_seg1.wav,05919,door,10,train,1.0,
mixed_0559.wav,book_00028_chp_0031_reader_05303_19_seg_0_seg2.wav,05303,door,5,train,1.0,
mixed_0560.wav,book_00028_chp_0031_reader_05303_27_seg_2_seg1.wav,05303,door,0,train,1.0,
mixed_0561.wav,book_00025_chp_0019_reader_04069_8_seg_2_seg1.wav,04069,squeakyChair,5,train,1.0,
mixed_0563.wav,book_00025_chp_0019_reader_04069_38_seg_2_seg2.wav,04069,typing,10,train,1.0,
mixed_0564.wav,book_00028_chp_0038_reader_05919_9_seg_0_seg1.wav,05919,typing,-5,train,0.3913,
mixed_0565.wav,book_00026_chp_0039_reader_04408_0_seg_1_seg2.wav,04408,typing,5,test,1.0,
mixed_0566.wav,book_00007_chp_0008_reader_01326_59_seg_1_seg1.wav,01326,typing,10,train,1.0,
mixed_0567.wav,book_00028_chp_0031_reader_05303_38_seg_2_seg2.wav,05303,door,20,train,1.0,
mixed_0568.wav,book_00028_chp_0031_reader_05303_18_seg_0_seg1.wav,05303,typing,10,train,1.0,
mixed_0569.wav,book_00028_chp_0031_reader_05303_51_seg_0_seg1.wav,05303,door,0,train,0.72777,
mixed_0570.wav,book_00025_chp_0019_reader_04069_16_seg_0_seg1.wav,04069,typing,-5,train,0.47505,
mixed_0571.wav,book_00026_chp_0039_reader_04408_42_seg_2_seg1.wav,04408,typing,20,test,1.0,
mixed_0572.wav,book_00025_chp_0019_reader_04069_12_seg_2_seg1.wav,04069,typing,15,train,1.0,
mixed_0573.wav,book_00002_chp_0005_reader_11980_18_seg_2_seg3.wav,11980,squeakyChair,10,train,1.0,
mixed_0574.wav,book_00026_chp_0039_reader_04408_13_seg_0_seg1.wav,04408,typing,0,test,0.73402,
mixed_0575.wav,book_00028_chp_0031_reader_05303_1_seg_0_seg2.wav,05303,door,15,train,1.0,
mixed_0576.wav,book_00026_chp_0039_reader_04408_44_seg_2_seg1.wav,04408,typing,5,test,1.0,
mixed_0577.wav,book_00028_chp_0038_reader_05919_4_seg_0_seg1.wav,05919,typing,15,train,1.0,
mixed_0578.wav,book_00025_chp_0019_reader_04069_25_seg_1_seg2.wav,04069,copy-machine,10,train,1.0,
mixed_0579.wav,book_00002_chp_0005_reader_11980_16_seg_2_seg4.wav,11980,squeakyChair,15,train,1.0,
mixed_0580.wav,book_00028_chp_0015_reader_08897_0_seg_2_seg1.wav,08897,typing,20,val,1.0,
mixed_0582.wav,book_00028_chp_0031_reader_05303_75_seg_0_seg1.wav,05303,squeakyChair,0,train,0.64853,
mixed_0583.wav,book_00026_chp_0039_reader_04408_13_seg_2_seg2.wav,04408,typing,5,test,1.0,
mixed_0584.wav,book_00028_chp_0031_reader_05303_0_seg_2_seg2.wav,05303,typing,20,train,1.0,
mixed_0585.wav,book_00028_chp_0031_reader_05303_40_seg_2_seg1.wav,05303,squeakyChair,5,train,1.0,
mixed_0586.wav,book_00008_chp_0146_reader_07907_1_seg_1_seg3.wav,07907,door,15,train,1.0,
mixed_0587.wav,book_00028_chp_0038_reader_05919_7_seg_0_seg1.wav,05919,typing,20,train,1.0,
mixed_0588.wav,book_00028_chp_0031_reader_05303_67_seg_0_seg1.wav,05303,door,-5,train,0.81956,
mixed_0589.wav,book_00008_chp_0146_reader_07907_2_seg_2_seg1.wav,07907,squeakyChair,10,train,1.0,
mixed_0590.wav,book_00002_chp_0005_reader_11980_19_seg_2_seg1.wav,11980,door,10,train,1.0,
mixed_0591.wav,book_00026_chp_0039_reader_04408_11_seg_0_seg1.wav,04408,door,15,test,1.0,
mixed_0592.wav,book_00025_chp_0019_reader_04069_10_seg_1_seg2.wav,04069,door,10,train,1.0,
mixed_0593.wav,book_00028_chp_0015_reader_08897_4_seg_2_seg1.wav,08897,door,0,val,0.71821,
mixed_0594.wav,book_00028_chp_0015_reader_08897_77_seg_0_seg1.wav,08897,typing,20,val,1.0,
mixed_0595.wav,book_00008_chp_0146_reader_07907_1_seg_1_seg1.wav,07907,squeakyChair,5,train,0.82454,
mixed_0596.wav,book_00028_chp_0015_reader_08897_64_seg_2_seg1.wav,08897,typing,15,val,1.0,
mixed_0597.wav,book_00028_chp_0031_reader_05303_37_seg_1_seg1.wav,05303,squeakyChair,20,train,1.0,
mixed_0598.wav,book_00028_chp_0038_reader_05919_26_seg_1_seg1.wav,05919,door,10,train,1.0,
mixed_0599.wav,book_00028_chp_0038_reader_05919_20_seg_2_seg1.wav,05919,typing,20,train,1.0,
mixed_0600.wav,book_00002_chp_0005_reader_11980_6_seg_2_seg1.wav,11980,door,0,train,0.61243,
mixed_0602.wav,book_00002_chp_0005_reader_11980_20_seg_2_seg2.wav,11980,door,15,train,1.0,
mixed_0603.wav,book_00026_chp_0039_reader_04408_31_seg_1_seg1.wav,04408,typing,0,test,0.34564,
mixed_0605.wav,book_00002_chp_0005_reader_11980_14_seg_0_seg3.wav,11980,squeakyChair,10,train,1.0,
mixed_0606.wav,book_00002_chp_0005_reader_11980_19_seg_1_seg1.wav,11980,door,-5,train,1.0,
mixed_0607.wav,book_00008_chp_0146_reader_07907_6_seg_2_seg2.wav,07907,typing,10,train,1.0,
mixed_0608.wav,book_00028_chp_0031_reader_05303_82_seg_2_seg1.wav,05303,door,5,train,1.0,
mixed_0609.wav,book_00028_chp_0015_reader_08897_60_seg_1_seg1.wav,08897,typing,5,val,0.8266,
mixed_0610.wav,book_00026_chp_0039_reader_04408_32_seg_0_seg2.wav,04408,door,15,test,1.0,
mixed_0611.wav,book_00028_chp_0031_reader_05303_73_seg_0_seg1.wav,05303,typing,15,train,1.0,
mixed_0612.wav,book_00002_chp_0005_reader_11980_20_seg_2_seg1.wav,11980,door,15,train,1.0,
mixed_0613.wav,book_00028_chp_0031_reader_05303_0_seg_2_seg1.wav,05303,door,0,train,1.0,
mixed_0614.wav,book_00007_chp_0008_reader_01326_1_seg_1_seg1.wav,01326,door,0,train,1.0,
mixed_0615.wav,book_00028_chp_0031_reader_05303_68_seg_0_seg2.wav,05303,door,15,train,1.0,
mixed_0616.wav,book_00028_chp_0031_reader_05303_39_seg_0_seg1.wav,05303,door,0,train,1.0,
mixed_0617.wav,book_00002_chp_0005_reader_11980_13_seg_1_seg2.wav,11980,door,5,train,1.0,
mixed_0618.wav,book_00026_chp_0039_reader_04408_0_seg_1_seg1.wav,04408,door,15,test,1.0,
mixed_0619.wav,book_00028_chp_0038_reader_05919_17_seg_2_seg2.wav,05919,door,0,train,0.80827,
mixed_0621.wav,book_00028_chp_0015_reader_08897_54_seg_1_seg1.wav,08897,door,15,val,1.0,
mixed_0622.wav,book_00002_chp_0005_reader_11980_5_seg_2_seg2.wav,11980,squeakyChair,20,train,1.0,
mixed_0623.wav,book_00028_chp_0031_reader_05303_0_seg_2_seg3.wav,05303,door,-5,train,0.98859,
mixed_0624.wav,book_00002_chp_0005_reader_11980_4_seg_2_seg1.wav,11980,typing,5,train,1.0,
mixed_0625.wav,book_00028_chp_0038_reader_05919_6_seg_0_seg1.wav,05919,door,10,train,1.0,
mixed_0626.wav,book_00028_chp_0015_reader_08897_28_seg_2_seg1.wav,08897,typing,15,val,1.0,
mixed_0627.wav,book_00025_chp_0019_reader_04069_17_seg_0_seg1.wav,04069,door,-5,train,0.89589,
mixed_0628.wav,book_00008_chp_0146_reader_07907_10_seg_0_seg3.wav,07907,door,5,train,1.0,
mixed_0629.wav,book_00028_chp_0038_reader_05919_30_seg_0_seg1.wav,05919,typing,5,train,0.94638,
mixed_0630.wav,book_00028_chp_0015_reader_08897_33_seg_0_seg1.wav,08897,door,10,val,1.0,
mixed_0631.wav,book_00028_chp_0038_reader_05919_4_seg_2_seg1.wav,05919,typing,20,train,1.0,
mixed_0632.wav,book_00008_chp_0146_reader_07907_1_seg_0_seg1.wav,07907,squeakyChair,10,train,1.0,
mixed_0633.wav,book_00000_chp_0009_reader_06709_15_seg_2_seg2.wav,06709,squeakyChair,10,train,1.0,
mixed_0634.wav,book_00026_chp_0039_reader_04408_19_seg_1_seg1.wav,04408,typing,20,test,1.0,
mixed_0635.wav,book_00028_chp_0031_reader_05303_9_seg_1_seg4.wav,05303,door,0,train,1.0,
mixed_0637.wav,book_00025_chp_0019_reader_04069_21_seg_1_seg1.wav,04069,squeakyChair,10,train,1.0,
mixed_0638.wav,book_00028_chp_0031_reader_05303_25_seg_0_seg1.wav,05303,door,20,train,1.0,
mixed_0639.wav,book_00028_chp_0038_reader_05919_5_seg_2_seg1.wav,05919,door,5,train,1.0,
mixed_0640.wav,book_00008_chp_0146_reader_07907_7_seg_2_seg2.wav,07907,door,-5,train,1.0,
mixed_0641.wav,book_00028_chp_0031_reader_05303_76_seg_1_seg1.wav,05303,typing,20,train,1.0,
mixed_0642.wav,book_00002_chp_0005_reader_11980_0_seg_1_seg1.wav,11980,door,5,train,0.91435,
mixed_0643.wav,book_00028_chp_0038_reader_05919_15_seg_2_seg1.wav,05919,typing,0,train,1.0,
mixed_0644.wav,book_00028_chp_0031_reader_05303_53_seg_2_seg1.wav,05303,door,20,train,1.0,
mixed_0645.wav,book_00025_chp_0019_reader_04069_28_seg_0_seg1.wav,04069,typing,15,train,1.0,
mixed_0646.wav,book_00025_chp_0019_reader_04069_20_seg_2_seg2.wav,04069,typing,10,train,1.0,
mixed_0647.wav,book_00002_chp_0005_reader_11980_4_seg_2_seg2.wav,11980,typing,20,train,1.0,
mixed_0648.wav,book_00002_chp_0005_reader_11980_10_seg_0_seg2.wav,11980,typing,0,train,1.0,
mixed_0649.wav,book_00002_chp_0005_reader_11980_10_seg_1_seg1.wav,11980,door,20,train,1.0,
mixed_0650.wav,book_00028_chp_0031_reader_05303_25_seg_2_seg2.wav,05303,typing,15,train,1.0,
mixed_0651.wav,book_00028_chp_0031_reader_05303_9_seg_2_seg2.wav,05303,typing,-5,train,0.3113,
mixed_0652.wav,book_00002_chp_0005_reader_11980_3_seg_1_seg1.wav,11980,door,0,train,1.0,
mixed_0653.wav,book_00028_chp_0031_reader_05303_70_seg_1_seg2.wav,05303,typing,10,train,1.0,
mixed_0654.wav,book_00002_chp_0005_reader_11980_7_seg_0_seg2.wav,11980,door,15,train,1.0,
mixed_0655.wav,book_00007_chp_0008_reader_01326_48_seg_1_seg1.wav,01326,typing,10,train,1.0,
mixed_0656.wav,book_00025_chp_0019_reader_04069_23_seg_1_seg2.wav,04069,squeakyChair,-5,train,1.0,
mixed_0657.wav,book_00025_chp_0019_reader_04069_38_seg_1_seg3.wav,04069,typing,10,train,1.0,
mixed_0658.wav,book_00026_chp_0039_reader_04408_17_seg_0_seg3.wav,04408,door,20,test,1.0,
mixed_0659.wav,book_00000_chp_0009_reader_06709_8_seg_2_seg1.wav,06709,typing,15,train,1.0,
mixed_0660.wav,book_00002_chp_0005_reader_11980_8_seg_2_seg2.wav,11980,typing,5,train,1.0,
mixed_0661.wav,book_00028_chp_0038_reader_05919_6_seg_1_seg1.wav,05919,door,0,train,1.0,
