mixed_file,clean_file,noise_file,noise_category,target_snr_db,actual_snr_db,sample_rate,duration_seconds
mixed_0001.wav,book_00025_chp_0019_reader_04069_30_seg_0_seg1.wav,typing_Freesound_validated_345955_0.wav,typing,-5,-5.0,48000,3.328
mixed_0002.wav,book_00028_chp_0031_reader_05303_61_seg_1_seg1.wav,door_Freesound_validated_127798_2.wav,door,0,-0.0,48000,5.664
mixed_0003.wav,book_00000_chp_0009_reader_06709_6_seg_1_seg1.wav,typing_Freesound_validated_458267_4.wav,typing,10,10.0,48000,4.832
mixed_0004.wav,book_00028_chp_0031_reader_05303_53_seg_1_seg1.wav,door_Freesound_validated_149162_0.wav,door,5,5.0,48000,2.992
mixed_0005.wav,book_00028_chp_0031_reader_05303_43_seg_2_seg1.wav,typing_Freesound_validated_455043_14.wav,typing,20,20.0,48000,3.104
mixed_0006.wav,book_00002_chp_0005_reader_11980_6_seg_0_seg1.wav,copy-machine_Freesound_validated_425222_27.wav,copy-machine,20,20.0,48000,4.288
mixed_0007.wav,book_00028_chp_0031_reader_05303_45_seg_2_seg2.wav,door_Freesound_validated_136537_0.wav,door,0,-0.0,48000,7.568
mixed_0008.wav,book_00028_chp_0031_reader_05303_80_seg_2_seg2.wav,door_Freesound_validated_83507_0.wav,door,10,10.0,48000,2.72
mixed_0009.wav,book_00028_chp_0031_reader_05303_58_seg_0_seg1.wav,door_Freesound_validated_202287_0.wav,door,15,15.0,48000,9.2
mixed_0010.wav,book_00028_chp_0038_reader_05919_5_seg_0_seg1.wav,typing_Freesound_validated_455044_1.wav,typing,0,0.0,48000,6.512
mixed_0011.wav,book_00028_chp_0031_reader_05303_60_seg_0_seg3.wav,typing_Freesound_validated_331718_3.wav,typing,-5,-5.0,48000,3.712
mixed_0012.wav,book_00028_chp_0031_reader_05303_17_seg_1_seg1.wav,door_Freesound_validated_193830_0.wav,door,0,0.0,48000,1.568
mixed_0013.wav,book_00002_chp_0005_reader_11980_19_seg_0_seg2.wav,typing_Freesound_validated_328653_3.wav,typing,5,5.0,48000,3.152
mixed_0014.wav,book_00028_chp_0031_reader_05303_60_seg_1_seg2.wav,typing_Freesound_validated_436882_2.wav,typing,0,0.0,48000,2.784
mixed_0015.wav,book_00028_chp_0031_reader_05303_69_seg_0_seg1.wav,typing_Freesound_validated_396304_5.wav,typing,-5,-5.0,48000,6.88
mixed_0016.wav,book_00028_chp_0038_reader_05919_0_seg_1_seg3.wav,door_Freesound_validated_130655_1.wav,door,10,10.0,48000,2.797
mixed_0017.wav,book_00000_chp_0009_reader_06709_19_seg_2_seg1.wav,door_Freesound_validated_179351_2.wav,door,20,20.0,48000,5.68
mixed_0018.wav,book_00026_chp_0039_reader_04408_3_seg_2_seg2.wav,door_Freesound_validated_15422_5.wav,door,15,15.0,48000,4.912
mixed_0019.wav,book_00028_chp_0015_reader_08897_16_seg_0_seg1.wav,typing_Freesound_validated_426338_4.wav,typing,15,15.0,48000,4.656
mixed_0020.wav,book_00028_chp_0031_reader_05303_48_seg_1_seg4.wav,door_Freesound_validated_152888_0.wav,door,20,20.0,48000,1.488
mixed_0021.wav,book_00026_chp_0039_reader_04408_21_seg_1_seg1.wav,typing_Freesound_validated_344138_5.wav,typing,-5,-5.0,48000,6.176
mixed_0022.wav,book_00028_chp_0031_reader_05303_16_seg_0_seg3.wav,door_Freesound_validated_191666_7.wav,door,15,15.0,48000,3.664
mixed_0023.wav,book_00028_chp_0031_reader_05303_47_seg_1_seg1.wav,typing_Freesound_validated_344138_7.wav,typing,-5,-5.0,48000,5.952
mixed_0024.wav,book_00028_chp_0015_reader_08897_19_seg_2_seg1.wav,door_Freesound_validated_74358_1.wav,door,15,15.0,48000,4.352
mixed_0025.wav,book_00008_chp_0146_reader_07907_4_seg_1_seg1.wav,typing_Freesound_validated_450281_18.wav,typing,20,20.0,48000,2.96
mixed_0026.wav,book_00028_chp_0031_reader_05303_34_seg_1_seg1.wav,door_Freesound_validated_188289_1.wav,door,15,15.0,48000,7.84
mixed_0027.wav,book_00000_chp_0009_reader_06709_11_seg_2_seg1.wav,door_Freesound_validated_202515_7.wav,door,5,5.0,48000,4.832
mixed_0028.wav,book_00026_chp_0039_reader_04408_1_seg_1_seg2.wav,door_Freesound_validated_107118_0.wav,door,20,20.0,48000,2.336
mixed_0029.wav,book_00002_chp_0005_reader_11980_19_seg_2_seg2.wav,door_Freesound_validated_148946_0.wav,door,15,15.0,48000,1.04
mixed_0030.wav,book_00007_chp_0008_reader_01326_21_seg_0_seg1.wav,typing_Freesound_validated_399603_58.wav,typing,10,10.0,48000,8.128
mixed_0031.wav,book_00007_chp_0008_reader_01326_47_seg_0_seg1.wav,door_Freesound_validated_191666_8.wav,door,10,10.0,48000,2.304
mixed_0032.wav,book_00025_chp_0019_reader_04069_2_seg_1_seg1.wav,typing_Freesound_validated_433599_0.wav,typing,-5,-5.0,48000,8.656
mixed_0033.wav,book_00000_chp_0009_reader_06709_21_seg_2_seg1.wav,typing_Freesound_validated_396304_10.wav,typing,5,5.0,48000,10.333
mixed_0034.wav,book_00028_chp_0015_reader_08897_2_seg_1_seg1.wav,door_Freesound_validated_32938_1.wav,door,10,10.0,48000,5.888
mixed_0035.wav,book_00000_chp_0009_reader_06709_17_seg_2_seg1.wav,squeak_squeakyChair_Freesound_validated_430720_4.wav,squeakyChair,-5,-5.0,48000,10.093
mixed_0036.wav,book_00028_chp_0038_reader_05919_1_seg_2_seg2.wav,squeak_squeakyChair_Freesound_validated_414106_20.wav,squeakyChair,20,20.0,48000,8.749
mixed_0037.wav,book_00028_chp_0031_reader_05303_41_seg_0_seg1.wav,door_Freesound_validated_82558_16.wav,door,15,15.0,48000,1.776
mixed_0038.wav,book_00028_chp_0015_reader_08897_14_seg_1_seg1.wav,door_Freesound_validated_193848_0.wav,door,10,10.0,48000,3.952
mixed_0039.wav,book_00002_chp_0005_reader_11980_9_seg_2_seg1.wav,door_Freesound_validated_189664_0.wav,door,-5,-5.0,48000,1.952
mixed_0040.wav,book_00007_chp_0008_reader_01326_3_seg_1_seg1.wav,typing_Freesound_validated_460144_7.wav,typing,-5,-5.0,48000,10.208
mixed_0041.wav,book_00008_chp_0146_reader_07907_9_seg_0_seg1.wav,door_Freesound_validated_32902_0.wav,door,5,5.0,48000,4.064
mixed_0042.wav,book_00028_chp_0031_reader_05303_15_seg_0_seg2.wav,door_Freesound_validated_74358_4.wav,door,0,0.0,48000,2.0
mixed_0043.wav,book_00025_chp_0019_reader_04069_5_seg_1_seg1.wav,door_Freesound_validated_179363_1.wav,door,5,5.0,48000,10.333
mixed_0045.wav,book_00025_chp_0019_reader_04069_6_seg_2_seg1.wav,door_Freesound_validated_134972_1.wav,door,15,15.0,48000,2.064
mixed_0046.wav,book_00028_chp_0031_reader_05303_53_seg_0_seg1.wav,typing_Freesound_validated_343042_5.wav,typing,-5,-5.0,48000,9.696
mixed_0047.wav,book_00002_chp_0005_reader_11980_15_seg_2_seg2.wav,typing_Freesound_validated_410368_2.wav,typing,-5,-5.0,48000,3.104
mixed_0048.wav,book_00028_chp_0031_reader_05303_69_seg_0_seg2.wav,door_Freesound_validated_175835_3.wav,door,5,5.0,48000,2.448
mixed_0049.wav,book_00002_chp_0005_reader_11980_10_seg_1_seg2.wav,typing_Freesound_validated_455043_10.wav,typing,10,10.0,48000,2.912
mixed_0050.wav,book_00025_chp_0019_reader_04069_3_seg_0_seg1.wav,typing_Freesound_validated_237612_6.wav,typing,5,5.0,48000,7.888
mixed_0051.wav,book_00008_chp_0146_reader_07907_2_seg_0_seg1.wav,door_Freesound_validated_153275_0.wav,door,10,10.0,48000,3.12
mixed_0052.wav,book_00002_chp_0005_reader_11980_19_seg_0_seg3.wav,typing_Freesound_validated_196397_2.wav,typing,-5,-5.0,48000,2.304
mixed_0053.wav,book_00025_chp_0019_reader_04069_0_seg_1_seg1.wav,squeak_squeakyChair_Freesound_validated_452578_1.wav,squeakyChair,-5,-5.0,48000,6.064
mixed_0054.wav,book_00028_chp_0031_reader_05303_56_seg_0_seg2.wav,door_Freesound_validated_110310_10.wav,door,0,0.0,48000,4.896
mixed_0055.wav,book_00002_chp_0005_reader_11980_19_seg_1_seg2.wav,typing_Freesound_validated_395584_6.wav,typing,-5,-5.0,48000,3.104
mixed_0056.wav,book_00025_chp_0019_reader_04069_12_seg_0_seg1.wav,typing_Freesound_validated_458267_9.wav,typing,-5,-5.0,48000,4.32
mixed_0057.wav,book_00028_chp_0031_reader_05303_50_seg_1_seg1.wav,typing_Freesound_validated_360601_0.wav,typing,5,5.0,48000,2.208
mixed_0058.wav,book_00026_chp_0039_reader_04408_41_seg_2_seg2.wav,door_Freesound_validated_79251_0.wav,door,0,0.0,48000,4.541
mixed_0059.wav,book_00002_chp_0005_reader_11980_7_seg_1_seg2.wav,typing_Freesound_validated_341833_4.wav,typing,15,15.0,48000,2.528
mixed_0060.wav,book_00028_chp_0038_reader_05919_34_seg_1_seg1.wav,typing_Freesound_validated_209987_14.wav,typing,10,10.0,48000,10.333
mixed_0061.wav,book_00028_chp_0031_reader_05303_66_seg_0_seg2.wav,door_Freesound_validated_168650_1.wav,door,10,10.0,48000,2.48
mixed_0062.wav,book_00002_chp_0005_reader_11980_9_seg_0_seg3.wav,typing_Freesound_validated_167426_5.wav,typing,5,5.0,48000,2.688
mixed_0063.wav,book_00002_chp_0005_reader_11980_2_seg_1_seg2.wav,door_Freesound_validated_50707_0.wav,door,0,-0.0,48000,2.496
mixed_0064.wav,book_00008_chp_0146_reader_07907_7_seg_0_seg1.wav,door_Freesound_validated_112982_1.wav,door,15,15.0,48000,1.92
mixed_0065.wav,book_00002_chp_0005_reader_11980_4_seg_0_seg1.wav,typing_Freesound_validated_330900_0.wav,typing,5,5.0,48000,1.136
mixed_0066.wav,book_00028_chp_0031_reader_05303_48_seg_1_seg1.wav,door_Freesound_validated_36833_0.wav,door,0,-0.0,48000,1.856
mixed_0067.wav,book_00028_chp_0038_reader_05919_6_seg_2_seg1.wav,door_Freesound_validated_187347_0.wav,door,-5,-5.0,48000,8.16
mixed_0068.wav,book_00008_chp_0146_reader_07907_9_seg_2_seg3.wav,door_Freesound_validated_110310_14.wav,door,0,0.0,48000,2.32
mixed_0069.wav,book_00008_chp_0146_reader_07907_2_seg_2_seg3.wav,typing_Freesound_validated_449609_13.wav,typing,20,20.0,48000,2.464
mixed_0070.wav,book_00007_chp_0008_reader_01326_67_seg_1_seg1.wav,squeak_squeakyChair_Freesound_validated_443681_0.wav,squeakyChair,0,0.0,48000,10.32
mixed_0071.wav,book_00028_chp_0031_reader_05303_53_seg_2_seg2.wav,door_Freesound_validated_186355_0.wav,door,-5,-5.0,48000,2.16
mixed_0072.wav,book_00007_chp_0008_reader_01326_64_seg_2_seg1.wav,typing_Freesound_validated_468096_0.wav,typing,10,10.0,48000,7.44
mixed_0073.wav,book_00000_chp_0009_reader_06709_23_seg_0_seg1.wav,typing_Freesound_validated_210079_20.wav,typing,5,5.0,48000,5.904
mixed_0074.wav,book_00028_chp_0015_reader_08897_52_seg_1_seg1.wav,door_Freesound_validated_171231_0.wav,door,20,20.0,48000,9.424
mixed_0075.wav,book_00008_chp_0146_reader_07907_5_seg_0_seg3.wav,door_Freesound_validated_62531_10.wav,door,0,0.0,48000,2.48
mixed_0076.wav,book_00008_chp_0146_reader_07907_6_seg_2_seg4.wav,copy-machine_Freesound_validated_413342_6.wav,copy-machine,0,0.0,48000,2.608
mixed_0077.wav,book_00028_chp_0031_reader_05303_50_seg_0_seg1.wav,squeak_squeakyChair_Freesound_validated_414106_23.wav,squeakyChair,10,10.0,48000,1.712
mixed_0078.wav,book_00008_chp_0146_reader_07907_3_seg_1_seg3.wav,door_Freesound_validated_189500_0.wav,door,10,10.0,48000,2.544
mixed_0079.wav,book_00028_chp_0031_reader_05303_62_seg_1_seg1.wav,copy-machine_Freesound_validated_425222_12.wav,copy-machine,5,5.0,48000,2.48
mixed_0080.wav,book_00007_chp_0008_reader_01326_32_seg_0_seg1.wav,typing_Freesound_validated_450282_0.wav,typing,0,0.0,48000,10.333
mixed_0081.wav,book_00028_chp_0031_reader_05303_20_seg_2_seg1.wav,typing_Freesound_validated_152887_0.wav,typing,10,10.0,48000,4.208
mixed_0082.wav,book_00000_chp_0009_reader_06709_20_seg_0_seg1.wav,typing_Freesound_validated_399603_62.wav,typing,20,20.0,48000,5.472
mixed_0083.wav,book_00028_chp_0031_reader_05303_66_seg_2_seg1.wav,door_Freesound_validated_16941_0.wav,door,15,15.0,48000,1.072
mixed_0084.wav,book_00028_chp_0031_reader_05303_1_seg_2_seg1.wav,door_Freesound_validated_144948_0.wav,door,-5,-5.0,48000,5.136
mixed_0085.wav,book_00028_chp_0031_reader_05303_74_seg_2_seg1.wav,door_Freesound_validated_110310_20.wav,door,15,15.0,48000,4.768
mixed_0086.wav,book_00028_chp_0031_reader_05303_85_seg_1_seg2.wav,door_Freesound_validated_187074_0.wav,door,20,20.0,48000,1.968
mixed_0087.wav,book_00025_chp_0019_reader_04069_38_seg_2_seg1.wav,door_Freesound_validated_112347_0.wav,door,0,0.0,48000,7.248
mixed_0088.wav,book_00025_chp_0019_reader_04069_10_seg_1_seg1.wav,typing_Freesound_validated_334990_0.wav,typing,-5,-5.0,48000,6.416
mixed_0089.wav,book_00028_chp_0031_reader_05303_71_seg_1_seg2.wav,squeak_squeakyChair_Freesound_validated_415088_0.wav,squeakyChair,0,0.0,48000,2.16
mixed_0090.wav,book_00028_chp_0031_reader_05303_62_seg_0_seg2.wav,typing_Freesound_validated_419395_7.wav,typing,15,15.0,48000,2.304
mixed_0091.wav,book_00000_chp_0009_reader_06709_8_seg_1_seg1.wav,door_Freesound_validated_185782_0.wav,door,20,20.0,48000,8.877
mixed_0092.wav,book_00028_chp_0031_reader_05303_41_seg_2_seg1.wav,typing_Freesound_validated_382057_4.wav,typing,15,15.0,48000,5.936
mixed_0093.wav,book_00028_chp_0031_reader_05303_65_seg_0_seg1.wav,typing_Freesound_validated_242177_4.wav,typing,10,10.0,48000,5.696
mixed_0094.wav,book_00007_chp_0008_reader_01326_23_seg_0_seg1.wav,typing_Freesound_validated_382057_12.wav,typing,0,0.0,48000,10.333
mixed_0095.wav,book_00028_chp_0031_reader_05303_22_seg_0_seg1.wav,door_Freesound_validated_54913_0.wav,door,15,15.0,48000,1.056
mixed_0097.wav,book_00025_chp_0019_reader_04069_16_seg_2_seg1.wav,typing_Freesound_validated_79711_1.wav,typing,10,10.0,48000,10.333
mixed_0098.wav,book_00028_chp_0031_reader_05303_50_seg_2_seg1.wav,typing_Freesound_validated_380138_0.wav,typing,10,10.0,48000,6.912
mixed_0099.wav,book_00028_chp_0031_reader_05303_83_seg_0_seg1.wav,typing_Freesound_validated_167426_19.wav,typing,15,15.0,48000,7.28
mixed_0100.wav,book_00000_chp_0009_reader_06709_15_seg_2_seg1.wav,typing_Freesound_validated_215005_1.wav,typing,-5,-5.0,48000,1.312
mixed_0101.wav,book_00028_chp_0031_reader_05303_34_seg_0_seg2.wav,typing_Freesound_validated_71238_1.wav,typing,-5,-5.0,48000,5.136
mixed_0102.wav,book_00025_chp_0019_reader_04069_44_seg_2_seg1.wav,door_Freesound_validated_153291_0.wav,door,15,15.0,48000,10.0
mixed_0103.wav,book_00028_chp_0015_reader_08897_42_seg_2_seg1.wav,typing_Freesound_validated_466609_0.wav,typing,5,5.0,48000,9.056
mixed_0104.wav,book_00002_chp_0005_reader_11980_0_seg_2_seg1.wav,door_Freesound_validated_36827_0.wav,door,0,0.0,48000,2.272
mixed_0105.wav,book_00028_chp_0031_reader_05303_21_seg_2_seg2.wav,typing_Freesound_validated_167426_10.wav,typing,5,5.0,48000,4.208
mixed_0106.wav,book_00028_chp_0015_reader_08897_55_seg_1_seg1.wav,typing_Freesound_validated_443013_0.wav,typing,-5,-5.0,48000,2.16
mixed_0107.wav,book_00028_chp_0031_reader_05303_83_seg_0_seg2.wav,typing_Freesound_validated_456191_1.wav,typing,0,0.0,48000,2.829
mixed_0108.wav,book_00002_chp_0005_reader_11980_5_seg_0_seg2.wav,typing_Freesound_validated_332000_2.wav,typing,-5,-5.0,48000,3.008
mixed_0109.wav,book_00028_chp_0031_reader_05303_55_seg_1_seg1.wav,squeak_squeakyChair_Freesound_validated_452631_19.wav,squeakyChair,0,0.0,48000,10.224
mixed_0110.wav,book_00008_chp_0146_reader_07907_10_seg_1_seg3.wav,squeak_squeakyChair_Freesound_validated_433977_4.wav,squeakyChair,5,5.0,48000,2.496
mixed_0111.wav,book_00002_chp_0005_reader_11980_13_seg_0_seg3.wav,typing_Freesound_validated_450281_14.wav,typing,10,10.0,48000,2.416
mixed_0112.wav,book_00026_chp_0039_reader_04408_38_seg_1_seg1.wav,door_Freesound_validated_154373_2.wav,door,20,20.0,48000,3.584
mixed_0113.wav,book_00028_chp_0031_reader_05303_9_seg_0_seg3.wav,door_Freesound_validated_123020_0.wav,door,5,5.0,48000,1.824
mixed_0114.wav,book_00028_chp_0031_reader_05303_7_seg_1_seg2.wav,door_Freesound_validated_184492_6.wav,door,20,20.0,48000,1.904
mixed_0115.wav,book_00028_chp_0031_reader_05303_26_seg_1_seg1.wav,typing_Freesound_validated_210079_2.wav,typing,-5,-5.0,48000,2.96
mixed_0116.wav,book_00028_chp_0031_reader_05303_46_seg_0_seg1.wav,typing_Freesound_validated_164687_3.wav,typing,-5,-5.0,48000,4.288
mixed_0117.wav,book_00026_chp_0039_reader_04408_17_seg_0_seg1.wav,typing_Freesound_validated_448209_1.wav,typing,15,15.0,48000,1.12
mixed_0118.wav,book_00026_chp_0039_reader_04408_2_seg_1_seg1.wav,door_Freesound_validated_83697_2.wav,door,20,20.0,48000,9.136
mixed_0119.wav,book_00025_chp_0019_reader_04069_3_seg_1_seg1.wav,door_Freesound_validated_32415_0.wav,door,0,-0.0,48000,9.424
mixed_0120.wav,book_00028_chp_0038_reader_05919_22_seg_0_seg1.wav,door_Freesound_validated_126038_0.wav,door,-5,-5.0,48000,9.216
mixed_0121.wav,book_00026_chp_0039_reader_04408_4_seg_1_seg2.wav,typing_Freesound_validated_395584_5.wav,typing,-5,-5.0,48000,5.952
mixed_0122.wav,book_00028_chp_0031_reader_05303_37_seg_1_seg2.wav,typing_Freesound_validated_390343_4.wav,typing,20,20.0,48000,5.12
mixed_0123.wav,book_00002_chp_0005_reader_11980_6_seg_0_seg2.wav,typing_Freesound_validated_205090_3.wav,typing,5,5.0,48000,3.168
mixed_0124.wav,book_00028_chp_0031_reader_05303_38_seg_1_seg2.wav,typing_Freesound_validated_463508_1.wav,typing,20,20.0,48000,1.2
mixed_0125.wav,book_00028_chp_0031_reader_05303_68_seg_0_seg1.wav,typing_Freesound_validated_399603_69.wav,typing,15,15.0,48000,1.216
mixed_0126.wav,book_00028_chp_0031_reader_05303_52_seg_0_seg1.wav,door_Freesound_validated_127798_4.wav,door,20,20.0,48000,5.744
mixed_0127.wav,book_00002_chp_0005_reader_11980_2_seg_1_seg1.wav,typing_Freesound_validated_399603_77.wav,typing,5,5.0,48000,5.28
mixed_0128.wav,book_00028_chp_0015_reader_08897_41_seg_2_seg2.wav,door_Freesound_validated_114583_1.wav,door,0,0.0,48000,4.448
mixed_0129.wav,book_00002_chp_0005_reader_11980_8_seg_2_seg1.wav,typing_Freesound_validated_432785_0.wav,typing,20,20.0,48000,2.192
mixed_0130.wav,book_00002_chp_0005_reader_11980_9_seg_2_seg2.wav,squeak_squeakyChair_Freesound_validated_452632_9.wav,squeakyChair,20,20.0,48000,2.816
mixed_0131.wav,book_00025_chp_0019_reader_04069_8_seg_0_seg1.wav,copy-machine_Freesound_validated_402463_0.wav,copy-machine,20,20.0,48000,8.448
mixed_0132.wav,book_00028_chp_0031_reader_05303_2_seg_2_seg4.wav,door_Freesound_validated_169643_0.wav,door,10,10.001,48000,1.309
mixed_0133.wav,book_00028_chp_0031_reader_05303_60_seg_1_seg1.wav,squeak_squeakyChair_Freesound_validated_433977_11.wav,squeakyChair,10,10.0,48000,2.112
mixed_0134.wav,book_00028_chp_0031_reader_05303_82_seg_1_seg1.wav,door_Freesound_validated_134969_3.wav,door,15,97.368,48000,2.608
mixed_0135.wav,book_00026_chp_0039_reader_04408_41_seg_0_seg1.wav,typing_Freesound_validated_167426_15.wav,typing,-5,-5.0,48000,5.376
mixed_0136.wav,book_00026_chp_0039_reader_04408_5_seg_0_seg2.wav,door_Freesound_validated_199663_2.wav,door,0,0.0,48000,2.032
mixed_0137.wav,book_00026_chp_0039_reader_04408_35_seg_2_seg1.wav,door_Freesound_validated_191666_4.wav,door,20,20.0,48000,2.912
mixed_0138.wav,book_00002_chp_0005_reader_11980_1_seg_0_seg2.wav,typing_Freesound_validated_237612_16.wav,typing,-5,-5.0,48000,7.296
mixed_0140.wav,book_00028_chp_0031_reader_05303_80_seg_2_seg1.wav,door_Freesound_validated_185592_2.wav,door,-5,-5.0,48000,4.48
mixed_0141.wav,book_00028_chp_0015_reader_08897_57_seg_1_seg1.wav,door_Freesound_validated_186214_1.wav,door,0,-0.0,48000,8.016
mixed_0142.wav,book_00008_chp_0146_reader_07907_6_seg_1_seg3.wav,door_Freesound_validated_118245_0.wav,door,-5,-5.0,48000,2.384
mixed_0143.wav,book_00028_chp_0031_reader_05303_60_seg_2_seg2.wav,typing_Freesound_validated_237612_17.wav,typing,10,10.0,48000,3.44
mixed_0144.wav,book_00028_chp_0031_reader_05303_17_seg_2_seg1.wav,squeak_squeakyChair_Freesound_validated_414106_29.wav,squeakyChair,10,10.0,48000,8.944
mixed_0145.wav,book_00026_chp_0039_reader_04408_39_seg_2_seg1.wav,squeak_squeakyChair_Freesound_validated_467472_0.wav,squeakyChair,20,20.0,48000,2.48
mixed_0146.wav,book_00028_chp_0031_reader_05303_8_seg_1_seg3.wav,squeak_squeakyChair_Freesound_validated_452632_18.wav,squeakyChair,20,20.0,48000,2.4
mixed_0147.wav,book_00002_chp_0005_reader_11980_21_seg_0_seg1.wav,squeak_squeakyChair_Freesound_validated_452632_7.wav,squeakyChair,0,0.0,48000,1.984
mixed_0148.wav,book_00025_chp_0019_reader_04069_26_seg_0_seg1.wav,typing_Freesound_validated_344137_5.wav,typing,5,5.0,48000,7.52
mixed_0150.wav,book_00007_chp_0008_reader_01326_1_seg_2_seg1.wav,typing_Freesound_validated_399603_68.wav,typing,-5,-5.0,48000,1.76
mixed_0151.wav,book_00025_chp_0019_reader_04069_4_seg_0_seg1.wav,typing_Freesound_validated_395584_0.wav,typing,10,10.0,48000,8.864
mixed_0152.wav,book_00028_chp_0015_reader_08897_44_seg_0_seg1.wav,typing_Freesound_validated_353510_12.wav,typing,0,0.0,48000,8.768
mixed_0153.wav,book_00026_chp_0039_reader_04408_3_seg_2_seg1.wav,door_Freesound_validated_141996_1.wav,door,10,10.0,48000,4.192
mixed_0154.wav,book_00008_chp_0146_reader_07907_3_seg_2_seg3.wav,typing_Freesound_validated_155570_0.wav,typing,5,5.0,48000,2.08
mixed_0155.wav,book_00028_chp_0038_reader_05919_31_seg_2_seg1.wav,typing_Freesound_validated_458267_11.wav,typing,15,15.0,48000,7.232
mixed_0156.wav,book_00002_chp_0005_reader_11980_8_seg_0_seg3.wav,typing_Freesound_validated_466785_1.wav,typing,15,15.0,48000,2.976
mixed_0157.wav,book_00025_chp_0019_reader_04069_39_seg_2_seg2.wav,squeak_squeakyChair_Freesound_validated_452632_14.wav,squeakyChair,5,5.0,48000,8.765
mixed_0158.wav,book_00028_chp_0031_reader_05303_11_seg_0_seg3.wav,typing_Freesound_validated_334458_0.wav,typing,0,0.0,48000,3.168
mixed_0159.wav,book_00008_chp_0146_reader_07907_4_seg_0_seg1.wav,typing_Freesound_validated_437631_2.wav,typing,0,0.0,48000,1.504
mixed_0160.wav,book_00026_chp_0039_reader_04408_5_seg_2_seg1.wav,door_Freesound_validated_155524_0.wav,door,20,20.0,48000,1.152
mixed_0161.wav,book_00028_chp_0031_reader_05303_57_seg_1_seg1.wav,door_Freesound_validated_74358_11.wav,door,10,10.0,48000,6.24
mixed_0162.wav,book_00028_chp_0031_reader_05303_25_seg_2_seg1.wav,typing_Freesound_validated_361162_2.wav,typing,15,15.0,48000,2.816
mixed_0163.wav,book_00028_chp_0031_reader_05303_63_seg_1_seg1.wav,door_Freesound_validated_154764_0.wav,door,-5,-5.0,48000,5.792
mixed_0164.wav,book_00028_chp_0038_reader_05919_18_seg_0_seg1.wav,typing_Freesound_validated_419395_0.wav,typing,-5,-5.0,48000,2.608
mixed_0165.wav,book_00028_chp_0031_reader_05303_23_seg_1_seg3.wav,typing_Freesound_validated_376934_9.wav,typing,15,15.0,48000,2.768
mixed_0166.wav,book_00007_chp_0008_reader_01326_5_seg_1_seg1.wav,door_Freesound_validated_137026_0.wav,door,10,10.0,48000,10.064
mixed_0167.wav,book_00028_chp_0031_reader_05303_18_seg_0_seg2.wav,squeak_squeakyChair_Freesound_validated_414083_1.wav,squeakyChair,15,15.0,48000,2.656
mixed_0168.wav,book_00028_chp_0031_reader_05303_22_seg_2_seg2.wav,door_Freesound_validated_74358_8.wav,door,15,15.0,48000,5.808
mixed_0169.wav,book_00008_chp_0146_reader_07907_4_seg_1_seg2.wav,typing_Freesound_validated_399603_5.wav,typing,5,5.0,48000,2.56
mixed_0170.wav,book_00007_chp_0008_reader_01326_74_seg_1_seg1.wav,door_Freesound_validated_178674_1.wav,door,20,20.0,48000,1.872
mixed_0171.wav,book_00008_chp_0146_reader_07907_4_seg_0_seg3.wav,typing_Freesound_validated_449585_0.wav,typing,-5,-5.0,48000,2.112
mixed_0172.wav,book_00028_chp_0031_reader_05303_34_seg_2_seg2.wav,typing_Freesound_validated_470937_0.wav,typing,-5,-5.0,48000,4.4
mixed_0173.wav,book_00002_chp_0005_reader_11980_2_seg_2_seg1.wav,door_Freesound_validated_93770_0.wav,door,5,5.0,48000,3.824
mixed_0174.wav,book_00028_chp_0031_reader_05303_33_seg_2_seg1.wav,door_Freesound_validated_178885_1.wav,door,20,20.0,48000,3.776
mixed_0175.wav,book_00007_chp_0008_reader_01326_69_seg_0_seg1.wav,door_Freesound_validated_197118_5.wav,door,-5,-5.0,48000,10.333
mixed_0176.wav,book_00028_chp_0031_reader_05303_0_seg_1_seg1.wav,typing_Freesound_validated_390343_3.wav,typing,5,5.0,48000,4.512
mixed_0177.wav,book_00028_chp_0015_reader_08897_1_seg_1_seg1.wav,door_Freesound_validated_82558_0.wav,door,-5,-5.0,48000,10.333
mixed_0178.wav,book_00026_chp_0039_reader_04408_38_seg_2_seg1.wav,door_Freesound_validated_184326_2.wav,door,0,-0.0,48000,4.064
mixed_0179.wav,book_00007_chp_0008_reader_01326_62_seg_2_seg1.wav,door_Freesound_validated_193846_0.wav,door,-5,-5.0,48000,2.192
mixed_0180.wav,book_00025_chp_0019_reader_04069_1_seg_1_seg1.wav,typing_Freesound_validated_466860_0.wav,typing,0,0.0,48000,2.64
mixed_0181.wav,book_00026_chp_0039_reader_04408_31_seg_2_seg1.wav,door_Freesound_validated_93782_0.wav,door,10,10.0,48000,1.728
mixed_0182.wav,book_00028_chp_0015_reader_08897_36_seg_2_seg1.wav,typing_Freesound_validated_388496_2.wav,typing,10,10.0,48000,10.032
mixed_0183.wav,book_00028_chp_0031_reader_05303_49_seg_1_seg1.wav,door_Freesound_validated_185879_0.wav,door,20,20.0,48000,1.392
mixed_0184.wav,book_00008_chp_0146_reader_07907_6_seg_0_seg4.wav,typing_Freesound_validated_91264_1.wav,typing,5,5.0,48000,1.373
mixed_0185.wav,book_00007_chp_0008_reader_01326_34_seg_0_seg1.wav,door_Freesound_validated_147348_0.wav,door,15,15.0,48000,10.333
mixed_0186.wav,book_00028_chp_0038_reader_05919_36_seg_0_seg1.wav,door_Freesound_validated_82088_0.wav,door,-5,-5.0,48000,10.0
mixed_0187.wav,book_00028_chp_0015_reader_08897_6_seg_2_seg1.wav,door_Freesound_validated_162532_5.wav,door,-5,-5.0,48000,10.333
mixed_0188.wav,book_00007_chp_0008_reader_01326_20_seg_0_seg1.wav,typing_Freesound_validated_456191_4.wav,typing,10,10.0,48000,10.333
mixed_0189.wav,book_00008_chp_0146_reader_07907_1_seg_0_seg2.wav,door_Freesound_validated_113136_0.wav,door,20,20.0,48000,2.64
mixed_0190.wav,book_00028_chp_0031_reader_05303_22_seg_0_seg3.wav,typing_Freesound_validated_449609_20.wav,typing,-5,-5.0,48000,2.576
mixed_0191.wav,book_00008_chp_0146_reader_07907_5_seg_2_seg1.wav,door_Freesound_validated_82558_14.wav,door,-5,-5.0,48000,3.136
mixed_0192.wav,book_00000_chp_0009_reader_06709_26_seg_0_seg1.wav,squeak_squeakyChair_Freesound_validated_452631_23.wav,squeakyChair,5,5.0,48000,2.944
mixed_0193.wav,book_00028_chp_0031_reader_05303_17_seg_0_seg1.wav,typing_Freesound_validated_387930_1.wav,typing,20,20.0,48000,2.736
mixed_0194.wav,book_00028_chp_0015_reader_08897_71_seg_0_seg1.wav,copy-machine_Freesound_validated_413342_2.wav,copy-machine,5,5.0,48000,10.333
mixed_0195.wav,book_00028_chp_0031_reader_05303_42_seg_0_seg2.wav,door_Freesound_validated_202515_1.wav,door,15,15.0,48000,3.312
mixed_0196.wav,book_00028_chp_0031_reader_05303_23_seg_1_seg2.wav,door_Freesound_validated_170244_0.wav,door,20,20.0,48000,3.904
mixed_0197.wav,book_00008_chp_0146_reader_07907_1_seg_1_seg4.wav,door_Freesound_validated_199663_1.wav,door,15,15.0,48000,2.816
mixed_0198.wav,book_00028_chp_0031_reader_05303_15_seg_1_seg1.wav,door_Freesound_validated_154784_0.wav,door,10,10.0,48000,6.208
mixed_0199.wav,book_00028_chp_0031_reader_05303_73_seg_2_seg1.wav,door_Freesound_validated_110310_24.wav,door,10,10.0,48000,1.12
mixed_0200.wav,book_00002_chp_0005_reader_11980_17_seg_0_seg2.wav,squeak_squeakyChair_Freesound_validated_452631_15.wav,squeakyChair,20,20.0,48000,2.784
mixed_0201.wav,book_00002_chp_0005_reader_11980_20_seg_0_seg1.wav,typing_Freesound_validated_376934_21.wav,typing,-5,-4.997,48000,1.856
mixed_0202.wav,book_00028_chp_0038_reader_05919_5_seg_1_seg1.wav,typing_Freesound_validated_456191_2.wav,typing,0,0.0,48000,9.36
mixed_0203.wav,book_00028_chp_0031_reader_05303_31_seg_1_seg2.wav,door_Freesound_validated_112354_1.wav,door,20,20.0,48000,4.464
mixed_0204.wav,book_00026_chp_0039_reader_04408_40_seg_0_seg1.wav,copy-machine_Freesound_validated_425222_31.wav,copy-machine,-5,-5.0,48000,8.784
mixed_0205.wav,book_00002_chp_0005_reader_11980_16_seg_1_seg1.wav,door_Freesound_validated_168446_12.wav,door,10,10.0,48000,2.352
mixed_0206.wav,book_00028_chp_0031_reader_05303_28_seg_1_seg1.wav,door_Freesound_validated_34589_0.wav,door,20,20.0,48000,10.16
mixed_0207.wav,book_00000_chp_0009_reader_06709_18_seg_2_seg1.wav,door_Freesound_validated_180680_0.wav,door,5,5.0,48000,4.16
mixed_0208.wav,book_00028_chp_0015_reader_08897_50_seg_2_seg1.wav,door_Freesound_validated_193852_0.wav,door,10,10.0,48000,7.744
mixed_0209.wav,book_00028_chp_0031_reader_05303_21_seg_2_seg1.wav,typing_Freesound_validated_79710_4.wav,typing,0,-0.0,48000,2.24
mixed_0210.wav,book_00008_chp_0146_reader_07907_3_seg_1_seg1.wav,squeak_squeakyChair_Freesound_validated_414105_1.wav,squeakyChair,10,10.0,48000,2.176
mixed_0211.wav,book_00008_chp_0146_reader_07907_7_seg_1_seg1.wav,door_Freesound_validated_62470_0.wav,door,0,-0.0,48000,8.656
mixed_0212.wav,book_00028_chp_0031_reader_05303_4_seg_1_seg2.wav,door_Freesound_validated_193866_0.wav,door,10,10.0,48000,4.0
mixed_0213.wav,book_00028_chp_0031_reader_05303_27_seg_0_seg1.wav,typing_Freesound_validated_424752_0.wav,typing,-5,-5.0,48000,3.136
mixed_0214.wav,book_00028_chp_0031_reader_05303_47_seg_1_seg2.wav,door_Freesound_validated_164567_0.wav,door,20,20.0,48000,2.832
mixed_0215.wav,book_00025_chp_0019_reader_04069_23_seg_1_seg1.wav,door_Freesound_validated_190577_0.wav,door,15,15.0,48000,2.624
mixed_0216.wav,book_00025_chp_0019_reader_04069_36_seg_1_seg1.wav,door_Freesound_validated_79688_5.wav,door,0,0.0,48000,10.176
mixed_0217.wav,book_00008_chp_0146_reader_07907_1_seg_2_seg3.wav,copy-machine_Freesound_validated_425222_35.wav,copy-machine,5,5.0,48000,2.512
mixed_0218.wav,book_00028_chp_0015_reader_08897_77_seg_1_seg1.wav,door_Freesound_validated_153436_0.wav,door,20,20.0,48000,10.205
mixed_0219.wav,book_00028_chp_0031_reader_05303_61_seg_1_seg2.wav,door_Freesound_validated_193839_0.wav,door,15,15.0,48000,3.549
mixed_0220.wav,book_00008_chp_0146_reader_07907_7_seg_0_seg4.wav,typing_Freesound_validated_196397_3.wav,typing,10,10.0,48000,2.656
mixed_0221.wav,book_00028_chp_0038_reader_05919_13_seg_2_seg1.wav,squeak_squeakyChair_Freesound_validated_452578_0.wav,squeakyChair,10,10.0,48000,7.392
mixed_0222.wav,book_00008_chp_0146_reader_07907_4_seg_2_seg1.wav,typing_Freesound_validated_423648_0.wav,typing,0,0.0,48000,2.592
mixed_0223.wav,book_00025_chp_0019_reader_04069_27_seg_1_seg1.wav,door_Freesound_validated_171705_0.wav,door,15,15.0,48000,7.536
mixed_0224.wav,book_00028_chp_0038_reader_05919_29_seg_0_seg1.wav,typing_Freesound_validated_378083_0.wav,typing,0,0.0,48000,4.144
mixed_0225.wav,book_00002_chp_0005_reader_11980_7_seg_1_seg1.wav,typing_Freesound_validated_424902_0.wav,typing,-5,-5.0,48000,1.328
mixed_0226.wav,book_00028_chp_0038_reader_05919_32_seg_1_seg1.wav,door_Freesound_validated_119482_0.wav,door,0,0.0,48000,10.333
mixed_0228.wav,book_00008_chp_0146_reader_07907_8_seg_2_seg1.wav,typing_Freesound_validated_399603_13.wav,typing,0,0.0,48000,1.744
mixed_0229.wav,book_00028_chp_0031_reader_05303_44_seg_0_seg1.wav,typing_Freesound_validated_353510_21.wav,typing,5,96.825,48000,6.16
mixed_0230.wav,book_00028_chp_0031_reader_05303_10_seg_2_seg1.wav,door_Freesound_validated_82558_6.wav,door,0,-0.0,48000,4.72
mixed_0231.wav,book_00025_chp_0019_reader_04069_18_seg_2_seg1.wav,typing_Freesound_validated_209987_18.wav,typing,20,20.0,48000,1.104
mixed_0232.wav,book_00002_chp_0005_reader_11980_17_seg_1_seg2.wav,typing_Freesound_validated_399603_44.wav,typing,5,5.0,48000,2.672
mixed_0233.wav,book_00002_chp_0005_reader_11980_12_seg_1_seg2.wav,squeak_squeakyChair_Freesound_validated_446005_1.wav,squeakyChair,15,15.0,48000,2.848
mixed_0234.wav,book_00028_chp_0031_reader_05303_3_seg_1_seg1.wav,typing_Freesound_validated_65410_0.wav,typing,-5,-5.0,48000,8.288
mixed_0235.wav,book_00008_chp_0146_reader_07907_10_seg_0_seg1.wav,typing_Freesound_validated_155571_0.wav,typing,15,15.0,48000,1.04
mixed_0236.wav,book_00026_chp_0039_reader_04408_17_seg_2_seg1.wav,typing_Freesound_validated_380135_6.wav,typing,15,15.0,48000,9.341
mixed_0237.wav,book_00028_chp_0038_reader_05919_3_seg_1_seg2.wav,squeak_squeakyChair_Freesound_validated_430637_0.wav,squeakyChair,-5,-5.0,48000,2.093
mixed_0238.wav,book_00026_chp_0039_reader_04408_6_seg_0_seg2.wav,door_Freesound_validated_155664_1.wav,door,20,20.0,48000,3.664
mixed_0239.wav,book_00007_chp_0008_reader_01326_55_seg_0_seg1.wav,typing_Freesound_validated_155568_0.wav,typing,15,15.0,48000,2.256
mixed_0240.wav,book_00028_chp_0015_reader_08897_66_seg_2_seg1.wav,squeak_squeakyChair_Freesound_validated_440603_2.wav,squeakyChair,10,10.0,48000,10.333
mixed_0241.wav,book_00002_chp_0005_reader_11980_3_seg_1_seg2.wav,door_Freesound_validated_167875_0.wav,door,15,15.0,48000,2.56
mixed_0242.wav,book_00028_chp_0015_reader_08897_45_seg_0_seg1.wav,typing_Freesound_validated_209987_8.wav,typing,5,5.0,48000,2.848
mixed_0243.wav,book_00028_chp_0015_reader_08897_41_seg_0_seg1.wav,door_Freesound_validated_173498_0.wav,door,15,15.0,48000,7.28
mixed_0244.wav,book_00002_chp_0005_reader_11980_18_seg_0_seg1.wav,door_Freesound_validated_17367_0.wav,door,15,15.0,48000,2.336
mixed_0245.wav,book_00008_chp_0146_reader_07907_2_seg_1_seg2.wav,door_Freesound_validated_197118_4.wav,door,5,5.0,48000,2.336
mixed_0246.wav,book_00026_chp_0039_reader_04408_27_seg_1_seg1.wav,squeak_squeakyChair_Freesound_validated_452631_36.wav,squeakyChair,10,10.0,48000,10.048
mixed_0247.wav,book_00002_chp_0005_reader_11980_3_seg_2_seg1.wav,squeak_squeakyChair_Freesound_validated_433977_0.wav,squeakyChair,0,0.0,48000,1.552
mixed_0248.wav,book_00025_chp_0019_reader_04069_39_seg_2_seg1.wav,typing_Freesound_validated_380135_3.wav,typing,0,0.0,48000,1.184
mixed_0249.wav,book_00028_chp_0031_reader_05303_36_seg_0_seg2.wav,typing_Freesound_validated_433991_3.wav,typing,15,15.0,48000,5.6
mixed_0250.wav,book_00026_chp_0039_reader_04408_17_seg_0_seg2.wav,squeak_squeakyChair_Freesound_validated_414105_2.wav,squeakyChair,10,10.0,48000,2.912
mixed_0251.wav,book_00028_chp_0031_reader_05303_0_seg_0_seg1.wav,door_Freesound_validated_135430_0.wav,door,-5,-5.0,48000,2.848
mixed_0252.wav,book_00028_chp_0031_reader_05303_57_seg_0_seg1.wav,typing_Freesound_validated_432785_5.wav,typing,10,10.0,48000,4.832
mixed_0253.wav,book_00028_chp_0031_reader_05303_8_seg_2_seg1.wav,door_Freesound_validated_193851_0.wav,door,0,-0.0,48000,2.416
mixed_0254.wav,book_00025_chp_0019_reader_04069_24_seg_0_seg2.wav,squeak_squeakyChair_Freesound_validated_465687_2.wav,squeakyChair,20,20.0,48000,3.248
mixed_0255.wav,book_00028_chp_0031_reader_05303_16_seg_1_seg1.wav,typing_Freesound_validated_399603_3.wav,typing,0,0.0,48000,8.176
mixed_0256.wav,book_00008_chp_0146_reader_07907_0_seg_0_seg1.wav,typing_Freesound_validated_71238_0.wav,typing,-5,-5.0,48000,6.736
mixed_0257.wav,book_00000_chp_0009_reader_06709_4_seg_1_seg1.wav,typing_Freesound_validated_361639_2.wav,typing,15,15.0,48000,1.648
mixed_0258.wav,book_00028_chp_0031_reader_05303_48_seg_0_seg1.wav,door_Freesound_validated_113123_0.wav,door,-5,-5.0,48000,5.312
mixed_0259.wav,book_00028_chp_0031_reader_05303_22_seg_2_seg3.wav,door_Freesound_validated_135430_1.wav,door,0,0.0,48000,1.056
mixed_0260.wav,book_00002_chp_0005_reader_11980_19_seg_2_seg3.wav,door_Freesound_validated_151982_0.wav,door,20,20.0,48000,2.768
mixed_0261.wav,book_00026_chp_0039_reader_04408_36_seg_0_seg1.wav,door_Freesound_validated_193826_0.wav,door,-5,-5.0,48000,7.808
mixed_0262.wav,book_00000_chp_0009_reader_06709_26_seg_2_seg1.wav,door_Freesound_validated_138281_2.wav,door,-5,-5.0,48000,8.109
mixed_0263.wav,book_00002_chp_0005_reader_11980_1_seg_0_seg1.wav,door_Freesound_validated_23191_1.wav,door,15,15.0,48000,2.736
mixed_0264.wav,book_00028_chp_0031_reader_05303_15_seg_0_seg1.wav,door_Freesound_validated_165933_7.wav,door,10,10.0,48000,6.624
mixed_0265.wav,book_00028_chp_0031_reader_05303_79_seg_0_seg2.wav,door_Freesound_validated_36823_0.wav,door,20,20.0,48000,3.232
mixed_0266.wav,book_00028_chp_0031_reader_05303_23_seg_1_seg1.wav,typing_Freesound_validated_79711_5.wav,typing,5,5.0,48000,2.784
mixed_0267.wav,book_00025_chp_0019_reader_04069_16_seg_1_seg1.wav,door_Freesound_validated_196775_0.wav,door,20,20.0,48000,3.12
mixed_0268.wav,book_00028_chp_0031_reader_05303_14_seg_2_seg1.wav,typing_Freesound_validated_437631_0.wav,typing,-5,-5.0,48000,10.333
mixed_0269.wav,book_00002_chp_0005_reader_11980_20_seg_2_seg3.wav,door_Freesound_validated_62531_0.wav,door,-5,-5.0,48000,4.48
mixed_0270.wav,book_00007_chp_0008_reader_01326_27_seg_2_seg1.wav,typing_Freesound_validated_125377_0.wav,typing,15,15.0,48000,4.96
mixed_0271.wav,book_00002_chp_0005_reader_11980_18_seg_2_seg1.wav,typing_Freesound_validated_335898_0.wav,typing,-5,-5.0,48000,1.648
mixed_0272.wav,book_00008_chp_0146_reader_07907_1_seg_2_seg2.wav,door_Freesound_validated_144510_0.wav,door,10,10.0,48000,2.192
mixed_0273.wav,book_00028_chp_0015_reader_08897_68_seg_2_seg1.wav,typing_Freesound_validated_383677_15.wav,typing,10,10.0,48000,2.24
mixed_0274.wav,book_00000_chp_0009_reader_06709_5_seg_1_seg1.wav,squeak_squeakyChair_Freesound_validated_414193_5.wav,squeakyChair,-5,-5.0,48000,10.333
mixed_0276.wav,book_00028_chp_0031_reader_05303_52_seg_1_seg1.wav,squeak_squeakyChair_Freesound_validated_452631_9.wav,squeakyChair,5,5.0,48000,6.672
mixed_0277.wav,book_00028_chp_0031_reader_05303_80_seg_0_seg1.wav,door_Freesound_validated_118624_0.wav,door,-5,-5.0,48000,2.224
mixed_0278.wav,book_00002_chp_0005_reader_11980_0_seg_0_seg1.wav,door_Freesound_validated_193867_0.wav,door,5,5.0,48000,3.056
mixed_0279.wav,book_00007_chp_0008_reader_01326_1_seg_1_seg2.wav,typing_Freesound_validated_456191_7.wav,typing,0,0.0,48000,8.365
mixed_0280.wav,book_00028_chp_0031_reader_05303_81_seg_0_seg1.wav,door_Freesound_validated_178752_0.wav,door,-5,-5.0,48000,3.568
mixed_0281.wav,book_00025_chp_0019_reader_04069_42_seg_1_seg1.wav,door_Freesound_validated_145210_2.wav,door,-5,-5.0,48000,9.216
mixed_0282.wav,book_00028_chp_0015_reader_08897_19_seg_1_seg1.wav,typing_Freesound_validated_65410_7.wav,typing,0,0.0,48000,10.029
mixed_0283.wav,book_00026_chp_0039_reader_04408_5_seg_1_seg1.wav,copy-machine_Freesound_validated_89985_1.wav,copy-machine,15,15.0,48000,2.0
mixed_0284.wav,book_00028_chp_0031_reader_05303_82_seg_0_seg1.wav,door_Freesound_validated_133851_0.wav,door,5,5.0,48000,6.816
mixed_0285.wav,book_00002_chp_0005_reader_11980_7_seg_2_seg1.wav,typing_Freesound_validated_445048_0.wav,typing,15,15.0,48000,1.632
mixed_0286.wav,book_00007_chp_0008_reader_01326_56_seg_1_seg1.wav,squeak_squeakyChair_Freesound_validated_459137_1.wav,squeakyChair,20,20.0,48000,10.24
mixed_0287.wav,book_00007_chp_0008_reader_01326_45_seg_2_seg1.wav,typing_Freesound_validated_380145_0.wav,typing,15,15.0,48000,4.72
mixed_0288.wav,book_00028_chp_0031_reader_05303_42_seg_0_seg1.wav,door_Freesound_validated_134972_4.wav,door,15,98.738,48000,1.264
mixed_0289.wav,book_00028_chp_0031_reader_05303_26_seg_2_seg1.wav,squeak_squeakyChair_Freesound_validated_414083_18.wav,squeakyChair,5,5.0,48000,9.581
mixed_0290.wav,book_00002_chp_0005_reader_11980_16_seg_0_seg1.wav,typing_Freesound_validated_419395_3.wav,typing,-5,-5.0,48000,2.72
mixed_0291.wav,book_00028_chp_0031_reader_05303_74_seg_0_seg2.wav,typing_Freesound_validated_447909_0.wav,typing,5,5.0,48000,3.728
mixed_0292.wav,book_00026_chp_0039_reader_04408_39_seg_1_seg1.wav,typing_Freesound_validated_331656_1.wav,typing,-5,-5.0,48000,4.56
mixed_0293.wav,book_00002_chp_0005_reader_11980_19_seg_0_seg1.wav,squeak_squeakyChair_Freesound_validated_452631_8.wav,squeakyChair,10,10.0,48000,1.552
mixed_0294.wav,book_00002_chp_0005_reader_11980_15_seg_2_seg3.wav,door_Freesound_validated_54913_1.wav,door,5,5.0,48000,2.816
mixed_0295.wav,book_00026_chp_0039_reader_04408_42_seg_0_seg2.wav,door_Freesound_validated_18767_2.wav,door,15,15.0,48000,1.917
mixed_0296.wav,book_00028_chp_0038_reader_05919_15_seg_1_seg2.wav,typing_Freesound_validated_399603_73.wav,typing,-5,-5.0,48000,1.504
mixed_0297.wav,book_00026_chp_0039_reader_04408_41_seg_0_seg2.wav,door_Freesound_validated_151089_0.wav,door,15,15.0,48000,4.685
mixed_0298.wav,book_00028_chp_0031_reader_05303_46_seg_0_seg3.wav,typing_Freesound_validated_426872_3.wav,typing,15,15.0,48000,3.712
mixed_0300.wav,book_00026_chp_0039_reader_04408_16_seg_0_seg1.wav,typing_Freesound_validated_380135_7.wav,typing,5,5.0,48000,10.288
mixed_0301.wav,book_00028_chp_0031_reader_05303_3_seg_0_seg1.wav,typing_Freesound_validated_382057_10.wav,typing,20,20.0,48000,6.976
mixed_0302.wav,book_00028_chp_0015_reader_08897_3_seg_1_seg1.wav,copy-machine_Freesound_validated_232901_0.wav,copy-machine,0,0.0,48000,10.333
mixed_0303.wav,book_00007_chp_0008_reader_01326_58_seg_0_seg1.wav,door_Freesound_validated_62536_3.wav,door,10,10.0,48000,7.104
mixed_0304.wav,book_00008_chp_0146_reader_07907_4_seg_2_seg2.wav,squeak_squeakyChair_Freesound_validated_447467_12.wav,squeakyChair,5,5.0,48000,2.24
mixed_0305.wav,book_00007_chp_0008_reader_01326_19_seg_2_seg1.wav,door_Freesound_validated_130656_1.wav,door,10,10.0,48000,3.28
mixed_0306.wav,book_00028_chp_0015_reader_08897_29_seg_1_seg1.wav,squeak_squeakyChair_Freesound_validated_433995_1.wav,squeakyChair,0,0.0,48000,10.333
mixed_0307.wav,book_00008_chp_0146_reader_07907_3_seg_0_seg2.wav,typing_Freesound_validated_331656_0.wav,typing,0,0.0,48000,2.752
mixed_0308.wav,book_00026_chp_0039_reader_04408_42_seg_1_seg1.wav,typing_Freesound_validated_379068_0.wav,typing,-5,-5.0,48000,3.472
mixed_0309.wav,book_00028_chp_0031_reader_05303_33_seg_1_seg1.wav,door_Freesound_validated_118248_0.wav,door,5,5.0,48000,5.792
mixed_0310.wav,book_00025_chp_0019_reader_04069_43_seg_2_seg1.wav,typing_Freesound_validated_343042_1.wav,typing,5,5.0,48000,1.472
mixed_0311.wav,book_00028_chp_0015_reader_08897_77_seg_2_seg1.wav,door_Freesound_validated_108844_0.wav,door,5,5.0,48000,10.333
mixed_0312.wav,book_00026_chp_0039_reader_04408_13_seg_2_seg1.wav,door_Freesound_validated_79688_8.wav,door,20,20.0,48000,4.528
mixed_0313.wav,book_00028_chp_0031_reader_05303_20_seg_2_seg2.wav,typing_Freesound_validated_326291_0.wav,typing,10,10.0,48000,5.696
mixed_0314.wav,book_00002_chp_0005_reader_11980_15_seg_2_seg1.wav,typing_Freesound_validated_345921_0.wav,typing,-5,-5.0,48000,2.288
mixed_0315.wav,book_00026_chp_0039_reader_04408_22_seg_0_seg1.wav,typing_Freesound_validated_455043_11.wav,typing,15,15.0,48000,6.96
mixed_0316.wav,book_00026_chp_0039_reader_04408_42_seg_0_seg1.wav,door_Freesound_validated_195849_1.wav,door,10,10.0,48000,8.0
mixed_0317.wav,book_00000_chp_0009_reader_06709_15_seg_0_seg1.wav,door_Freesound_validated_181569_1.wav,door,20,20.0,48000,9.568
mixed_0318.wav,book_00002_chp_0005_reader_11980_11_seg_2_seg1.wav,door_Freesound_validated_145210_7.wav,door,20,20.0,48000,2.4
mixed_0319.wav,book_00026_chp_0039_reader_04408_6_seg_0_seg1.wav,typing_Freesound_validated_456191_10.wav,typing,10,10.0,48000,5.456
mixed_0320.wav,book_00028_chp_0031_reader_05303_78_seg_2_seg1.wav,door_Freesound_validated_17972_1.wav,door,-5,-5.0,48000,4.192
mixed_0321.wav,book_00007_chp_0008_reader_01326_73_seg_0_seg2.wav,door_Freesound_validated_183530_0.wav,door,15,15.0,48000,2.368
mixed_0322.wav,book_00028_chp_0031_reader_05303_70_seg_2_seg2.wav,typing_Freesound_validated_360523_4.wav,typing,5,5.0,48000,4.88
mixed_0323.wav,book_00008_chp_0146_reader_07907_7_seg_2_seg1.wav,door_Freesound_validated_186214_0.wav,door,-5,-5.0,48000,2.448
mixed_0324.wav,book_00028_chp_0031_reader_05303_4_seg_0_seg1.wav,squeak_squeakyChair_Freesound_validated_416319_6.wav,squeakyChair,10,10.0,48000,10.32
mixed_0325.wav,book_00007_chp_0008_reader_01326_10_seg_1_seg1.wav,squeak_squeakyChair_Freesound_validated_433977_2.wav,squeakyChair,-5,-5.0,48000,10.333
mixed_0326.wav,book_00028_chp_0015_reader_08897_43_seg_2_seg1.wav,typing_Freesound_validated_32380_7.wav,typing,10,10.0,48000,5.472
mixed_0327.wav,book_00028_chp_0038_reader_05919_23_seg_0_seg1.wav,squeak_squeakyChair_Freesound_validated_414106_4.wav,squeakyChair,-5,-5.0,48000,1.216
mixed_0328.wav,book_00007_chp_0008_reader_01326_26_seg_2_seg1.wav,typing_Freesound_validated_450281_9.wav,typing,5,5.0,48000,9.136
mixed_0329.wav,book_00028_chp_0031_reader_05303_61_seg_0_seg1.wav,door_Freesound_validated_88240_1.wav,door,-5,-5.0,48000,3.28
mixed_0330.wav,book_00025_chp_0019_reader_04069_7_seg_2_seg1.wav,door_Freesound_validated_148951_0.wav,door,-5,-5.0,48000,5.84
mixed_0331.wav,book_00026_chp_0039_reader_04408_22_seg_0_seg2.wav,door_Freesound_validated_171230_1.wav,door,15,15.0,48000,2.429
mixed_0332.wav,book_00026_chp_0039_reader_04408_31_seg_2_seg2.wav,typing_Freesound_validated_209987_0.wav,typing,0,0.0,48000,3.984
mixed_0333.wav,book_00028_chp_0038_reader_05919_11_seg_0_seg1.wav,door_Freesound_validated_62630_0.wav,door,20,20.0,48000,4.928
mixed_0334.wav,book_00028_chp_0015_reader_08897_32_seg_0_seg1.wav,typing_Freesound_validated_125377_3.wav,typing,5,5.0,48000,10.256
mixed_0335.wav,book_00026_chp_0039_reader_04408_41_seg_1_seg1.wav,door_Freesound_validated_148945_0.wav,door,5,5.0,48000,7.952
mixed_0336.wav,book_00000_chp_0009_reader_06709_4_seg_0_seg1.wav,typing_Freesound_validated_399603_61.wav,typing,-5,-5.0,48000,10.272
mixed_0337.wav,book_00028_chp_0031_reader_05303_49_seg_2_seg1.wav,typing_Freesound_validated_466758_1.wav,typing,5,5.0,48000,4.864
mixed_0338.wav,book_00028_chp_0015_reader_08897_45_seg_2_seg1.wav,door_Freesound_validated_171084_13.wav,door,-5,-5.0,48000,3.536
mixed_0339.wav,book_00028_chp_0031_reader_05303_37_seg_2_seg1.wav,typing_Freesound_validated_399603_54.wav,typing,20,20.0,48000,2.176
mixed_0340.wav,book_00026_chp_0039_reader_04408_25_seg_2_seg1.wav,door_Freesound_validated_93765_0.wav,door,15,15.0,48000,7.792
mixed_0341.wav,book_00028_chp_0031_reader_05303_37_seg_2_seg2.wav,door_Freesound_validated_82558_22.wav,door,10,10.0,48000,7.12
mixed_0342.wav,book_00028_chp_0031_reader_05303_20_seg_0_seg1.wav,typing_Freesound_validated_449609_4.wav,typing,20,20.0,48000,1.648
mixed_0343.wav,book_00007_chp_0008_reader_01326_0_seg_2_seg1.wav,door_Freesound_validated_118609_0.wav,door,10,10.0,48000,6.608
mixed_0344.wav,book_00028_chp_0031_reader_05303_31_seg_1_seg1.wav,copy-machine_Freesound_validated_49613_4.wav,copy-machine,5,5.0,48000,2.928
mixed_0345.wav,book_00026_chp_0039_reader_04408_37_seg_0_seg1.wav,door_Freesound_validated_168446_3.wav,door,-5,-5.0,48000,8.56
mixed_0346.wav,book_00028_chp_0031_reader_05303_49_seg_1_seg3.wav,squeak_squeakyChair_Freesound_validated_414083_12.wav,squeakyChair,5,5.0,48000,3.805
mixed_0347.wav,book_00028_chp_0038_reader_05919_43_seg_1_seg1.wav,door_Freesound_validated_180659_0.wav,door,5,5.0,48000,6.464
mixed_0348.wav,book_00002_chp_0005_reader_11980_12_seg_2_seg2.wav,door_Freesound_validated_199663_6.wav,door,5,5.0,48000,2.736
mixed_0349.wav,book_00025_chp_0019_reader_04069_44_seg_0_seg2.wav,typing_Freesound_validated_455043_0.wav,typing,5,5.0,48000,4.688
mixed_0350.wav,book_00028_chp_0031_reader_05303_27_seg_1_seg1.wav,squeak_squeakyChair_Freesound_validated_413911_3.wav,squeakyChair,20,20.0,48000,5.52
mixed_0351.wav,book_00028_chp_0038_reader_05919_13_seg_1_seg1.wav,typing_Freesound_validated_164687_0.wav,typing,-5,-5.0,48000,7.536
mixed_0352.wav,book_00028_chp_0031_reader_05303_72_seg_2_seg1.wav,typing_Freesound_validated_404493_2.wav,typing,5,5.0,48000,7.264
mixed_0353.wav,book_00028_chp_0031_reader_05303_63_seg_2_seg2.wav,door_Freesound_validated_52288_0.wav,door,0,0.0,48000,2.72
mixed_0354.wav,book_00025_chp_0019_reader_04069_34_seg_1_seg1.wav,typing_Freesound_validated_419443_0.wav,typing,15,15.0,48000,7.408
mixed_0355.wav,book_00026_chp_0039_reader_04408_32_seg_0_seg1.wav,door_Freesound_validated_57645_0.wav,door,15,15.0,48000,5.904
mixed_0356.wav,book_00028_chp_0031_reader_05303_48_seg_1_seg2.wav,door_Freesound_validated_171084_18.wav,door,15,15.0,48000,2.688
mixed_0357.wav,book_00028_chp_0015_reader_08897_47_seg_2_seg1.wav,door_Freesound_validated_193864_0.wav,door,0,0.0,48000,10.333
mixed_0358.wav,book_00008_chp_0146_reader_07907_10_seg_0_seg4.wav,typing_Freesound_validated_436882_0.wav,typing,10,10.0,48000,2.544
mixed_0359.wav,book_00028_chp_0031_reader_05303_25_seg_1_seg1.wav,typing_Freesound_validated_134962_0.wav,typing,15,15.0,48000,4.656
mixed_0360.wav,book_00026_chp_0039_reader_04408_15_seg_0_seg1.wav,door_Freesound_validated_34979_0.wav,door,-5,-5.0,48000,10.333
mixed_0361.wav,book_00028_chp_0031_reader_05303_9_seg_1_seg1.wav,door_Freesound_validated_133852_0.wav,door,0,-0.0,48000,1.28
mixed_0362.wav,book_00002_chp_0005_reader_11980_0_seg_2_seg2.wav,door_Freesound_validated_201036_6.wav,door,10,10.0,48000,1.632
mixed_0363.wav,book_00002_chp_0005_reader_11980_8_seg_1_seg1.wav,typing_Freesound_validated_361163_2.wav,typing,20,20.0,48000,2.192
mixed_0364.wav,book_00007_chp_0008_reader_01326_67_seg_2_seg1.wav,typing_Freesound_validated_194799_0.wav,typing,20,20.0,48000,4.72
mixed_0365.wav,book_00028_chp_0031_reader_05303_74_seg_0_seg1.wav,typing_Freesound_validated_125377_4.wav,typing,15,15.0,48000,3.328
mixed_0366.wav,book_00002_chp_0005_reader_11980_20_seg_1_seg1.wav,door_Freesound_validated_178017_0.wav,door,5,5.0,48000,2.864
mixed_0367.wav,book_00025_chp_0019_reader_04069_38_seg_1_seg1.wav,door_Freesound_validated_147266_5.wav,door,5,5.0,48000,2.912
mixed_0368.wav,book_00028_chp_0038_reader_05919_1_seg_0_seg1.wav,typing_Freesound_validated_237612_8.wav,typing,10,10.0,48000,8.893
mixed_0369.wav,book_00028_chp_0015_reader_08897_17_seg_0_seg1.wav,typing_Freesound_validated_446021_0.wav,typing,15,15.0,48000,3.6
mixed_0370.wav,book_00028_chp_0031_reader_05303_8_seg_1_seg1.wav,door_Freesound_validated_136768_0.wav,door,10,10.0,48000,1.424
mixed_0371.wav,book_00028_chp_0015_reader_08897_43_seg_1_seg2.wav,door_Freesound_validated_171084_10.wav,door,10,10.0,48000,8.173
mixed_0372.wav,book_00028_chp_0031_reader_05303_67_seg_1_seg1.wav,typing_Freesound_validated_331347_0.wav,typing,5,5.0,48000,6.192
mixed_0373.wav,book_00028_chp_0038_reader_05919_12_seg_2_seg1.wav,squeak_squeakyChair_Freesound_validated_416319_2.wav,squeakyChair,10,10.0,48000,1.872
mixed_0374.wav,book_00025_chp_0019_reader_04069_24_seg_1_seg3.wav,typing_Freesound_validated_209987_6.wav,typing,10,10.0,48000,1.536
mixed_0375.wav,book_00028_chp_0031_reader_05303_46_seg_1_seg1.wav,door_Freesound_validated_79688_2.wav,door,10,10.0,48000,9.168
mixed_0376.wav,book_00008_chp_0146_reader_07907_7_seg_0_seg3.wav,typing_Freesound_validated_330301_1.wav,typing,10,10.0,48000,2.192
mixed_0377.wav,book_00000_chp_0009_reader_06709_0_seg_2_seg1.wav,typing_Freesound_validated_71215_1.wav,typing,15,15.0,48000,10.08
mixed_0378.wav,book_00008_chp_0146_reader_07907_6_seg_1_seg2.wav,door_Freesound_validated_153092_0.wav,door,0,-0.0,48000,2.048
mixed_0379.wav,book_00028_chp_0031_reader_05303_46_seg_2_seg1.wav,typing_Freesound_validated_445475_3.wav,typing,0,0.0,48000,5.904
mixed_0380.wav,book_00028_chp_0031_reader_05303_33_seg_0_seg2.wav,typing_Freesound_validated_328653_5.wav,typing,15,15.0,48000,2.656
mixed_0381.wav,book_00008_chp_0146_reader_07907_8_seg_1_seg2.wav,typing_Freesound_validated_164807_2.wav,typing,10,10.0,48000,2.528
mixed_0382.wav,book_00028_chp_0031_reader_05303_30_seg_2_seg2.wav,typing_Freesound_validated_164687_2.wav,typing,0,0.0,48000,4.624
mixed_0383.wav,book_00025_chp_0019_reader_04069_36_seg_0_seg1.wav,door_Freesound_validated_162531_7.wav,door,10,10.0,48000,10.333
mixed_0384.wav,book_00028_chp_0031_reader_05303_28_seg_0_seg1.wav,typing_Freesound_validated_343042_2.wav,typing,0,-0.0,48000,9.648
mixed_0385.wav,book_00028_chp_0038_reader_05919_33_seg_0_seg1.wav,door_Freesound_validated_113125_0.wav,door,5,5.0,48000,8.208
mixed_0386.wav,book_00002_chp_0005_reader_11980_21_seg_2_seg1.wav,door_Freesound_validated_21064_2.wav,door,20,20.0,48000,5.68
mixed_0387.wav,book_00028_chp_0031_reader_05303_2_seg_2_seg1.wav,squeak_squeakyChair_Freesound_validated_447467_6.wav,squeakyChair,20,20.0,48000,2.8
mixed_0388.wav,book_00028_chp_0031_reader_05303_0_seg_1_seg2.wav,typing_Freesound_validated_360603_0.wav,typing,-5,-5.0,48000,2.288
mixed_0389.wav,book_00002_chp_0005_reader_11980_14_seg_1_seg1.wav,squeak_squeakyChair_Freesound_validated_448675_2.wav,squeakyChair,0,0.0,48000,2.176
mixed_0390.wav,book_00000_chp_0009_reader_06709_16_seg_0_seg1.wav,door_Freesound_validated_173014_1.wav,door,-5,-5.0,48000,6.544
mixed_0391.wav,book_00028_chp_0031_reader_05303_27_seg_2_seg2.wav,door_Freesound_validated_162531_2.wav,door,20,20.0,48000,2.368
mixed_0392.wav,book_00028_chp_0015_reader_08897_10_seg_1_seg1.wav,door_Freesound_validated_107120_0.wav,door,10,10.0,48000,10.304
mixed_0393.wav,book_00028_chp_0038_reader_05919_8_seg_0_seg1.wav,typing_Freesound_validated_344137_14.wav,typing,0,0.0,48000,8.784
mixed_0394.wav,book_00028_chp_0031_reader_05303_20_seg_1_seg1.wav,typing_Freesound_validated_407514_5.wav,typing,20,20.0,48000,2.32
mixed_0395.wav,book_00028_chp_0031_reader_05303_47_seg_0_seg1.wav,door_Freesound_validated_94292_0.wav,door,5,5.0,48000,5.36
mixed_0396.wav,book_00025_chp_0019_reader_04069_21_seg_2_seg1.wav,typing_Freesound_validated_383677_4.wav,typing,5,5.0,48000,1.36
mixed_0397.wav,book_00002_chp_0005_reader_11980_12_seg_0_seg2.wav,typing_Freesound_validated_209987_1.wav,typing,-5,-5.0,48000,2.032
mixed_0398.wav,book_00028_chp_0031_reader_05303_18_seg_2_seg1.wav,door_Freesound_validated_195849_0.wav,door,20,20.0,48000,2.352
mixed_0399.wav,book_00025_chp_0019_reader_04069_26_seg_2_seg1.wav,copy-machine_Freesound_validated_232901_1.wav,copy-machine,0,0.0,48000,1.408
mixed_0400.wav,book_00028_chp_0031_reader_05303_28_seg_2_seg1.wav,typing_Freesound_validated_210079_1.wav,typing,-5,-5.0,48000,4.048
mixed_0401.wav,book_00028_chp_0031_reader_05303_68_seg_2_seg2.wav,door_Freesound_validated_113131_0.wav,door,5,5.0,48000,2.16
mixed_0402.wav,book_00028_chp_0031_reader_05303_22_seg_2_seg1.wav,typing_Freesound_validated_399603_57.wav,typing,15,15.0,48000,1.2
mixed_0403.wav,book_00028_chp_0038_reader_05919_0_seg_1_seg2.wav,typing_Freesound_validated_407802_2.wav,typing,5,5.0,48000,2.352
mixed_0404.wav,book_00025_chp_0019_reader_04069_23_seg_2_seg1.wav,door_Freesound_validated_165933_3.wav,door,20,20.0,48000,7.984
mixed_0405.wav,book_00028_chp_0031_reader_05303_76_seg_0_seg1.wav,door_Freesound_validated_145210_10.wav,door,5,5.0,48000,3.36
mixed_0406.wav,book_00028_chp_0031_reader_05303_24_seg_1_seg2.wav,typing_Freesound_validated_455043_4.wav,typing,15,15.0,48000,7.232
mixed_0407.wav,book_00002_chp_0005_reader_11980_5_seg_1_seg4.wav,typing_Freesound_validated_437631_3.wav,typing,0,0.0,48000,1.661
mixed_0408.wav,book_00028_chp_0038_reader_05919_14_seg_2_seg1.wav,door_Freesound_validated_170999_1.wav,door,0,-0.0,48000,10.333
mixed_0409.wav,book_00002_chp_0005_reader_11980_16_seg_0_seg3.wav,typing_Freesound_validated_426872_6.wav,typing,5,5.0,48000,2.736
mixed_0410.wav,book_00028_chp_0031_reader_05303_19_seg_2_seg1.wav,squeak_squeakyChair_Freesound_validated_414106_11.wav,squeakyChair,-5,-5.0,48000,3.952
mixed_0411.wav,book_00028_chp_0031_reader_05303_36_seg_2_seg1.wav,door_Freesound_validated_153558_0.wav,door,15,15.0,48000,1.792
mixed_0412.wav,book_00028_chp_0015_reader_08897_62_seg_1_seg1.wav,typing_Freesound_validated_376934_2.wav,typing,5,5.0,48000,10.333
mixed_0413.wav,book_00008_chp_0146_reader_07907_8_seg_1_seg3.wav,door_Freesound_validated_123082_0.wav,door,15,15.0,48000,2.544
mixed_0414.wav,book_00002_chp_0005_reader_11980_10_seg_0_seg3.wav,typing_Freesound_validated_365487_0.wav,typing,15,15.0,48000,3.152
mixed_0415.wav,book_00002_chp_0005_reader_11980_15_seg_1_seg2.wav,squeak_squeakyChair_Freesound_validated_414083_2.wav,squeakyChair,-5,-5.0,48000,2.608
mixed_0416.wav,book_00026_chp_0039_reader_04408_7_seg_1_seg2.wav,door_Freesound_validated_112347_3.wav,door,15,15.0,48000,7.149
mixed_0417.wav,book_00028_chp_0015_reader_08897_13_seg_1_seg1.wav,squeak_squeakyChair_Freesound_validated_414105_6.wav,squeakyChair,10,10.0,48000,5.632
mixed_0418.wav,book_00028_chp_0038_reader_05919_23_seg_0_seg2.wav,door_Freesound_validated_82558_15.wav,door,20,20.0,48000,8.557
mixed_0419.wav,book_00028_chp_0038_reader_05919_36_seg_1_seg1.wav,typing_Freesound_validated_426338_0.wav,typing,0,0.0,48000,10.269
mixed_0420.wav,book_00028_chp_0031_reader_05303_43_seg_1_seg3.wav,door_Freesound_validated_199663_10.wav,door,0,0.0,48000,2.72
mixed_0421.wav,book_00025_chp_0019_reader_04069_28_seg_1_seg1.wav,typing_Freesound_validated_361163_3.wav,typing,20,20.0,48000,8.24
mixed_0422.wav,book_00008_chp_0146_reader_07907_9_seg_2_seg1.wav,door_Freesound_validated_175834_0.wav,door,20,20.002,48000,3.152
mixed_0423.wav,book_00028_chp_0031_reader_05303_45_seg_2_seg1.wav,typing_Freesound_validated_390343_8.wav,typing,10,10.0,48000,1.056
mixed_0424.wav,book_00008_chp_0146_reader_07907_3_seg_2_seg1.wav,door_Freesound_validated_202515_6.wav,door,10,10.0,48000,3.936
mixed_0425.wav,book_00028_chp_0038_reader_05919_23_seg_1_seg1.wav,door_Freesound_validated_191666_9.wav,door,15,15.0,48000,7.376
mixed_0426.wav,book_00028_chp_0031_reader_05303_47_seg_2_seg1.wav,door_Freesound_validated_66964_0.wav,door,0,0.0,48000,8.992
mixed_0427.wav,book_00002_chp_0005_reader_11980_15_seg_1_seg1.wav,typing_Freesound_validated_138283_1.wav,typing,5,5.0,48000,2.944
mixed_0428.wav,book_00028_chp_0031_reader_05303_71_seg_1_seg1.wav,door_Freesound_validated_155896_0.wav,door,10,10.0,48000,6.768
mixed_0429.wav,book_00002_chp_0005_reader_11980_5_seg_0_seg3.wav,squeak_squeakyChair_Freesound_validated_414105_5.wav,squeakyChair,5,5.0,48000,2.125
mixed_0430.wav,book_00008_chp_0146_reader_07907_8_seg_2_seg2.wav,typing_Freesound_validated_155575_0.wav,typing,15,15.0,48000,2.704
mixed_0431.wav,book_00028_chp_0031_reader_05303_20_seg_0_seg2.wav,typing_Freesound_validated_36061_1.wav,typing,15,15.0,48000,6.208
mixed_0432.wav,book_00028_chp_0031_reader_05303_26_seg_1_seg2.wav,squeak_squeakyChair_Freesound_validated_414083_17.wav,squeakyChair,5,5.0,48000,7.008
mixed_0433.wav,book_00028_chp_0031_reader_05303_16_seg_2_seg1.wav,door_Freesound_validated_197118_3.wav,door,0,0.0,48000,2.32
mixed_0434.wav,book_00007_chp_0008_reader_01326_17_seg_1_seg1.wav,typing_Freesound_validated_109316_1.wav,typing,10,10.0,48000,2.944
mixed_0435.wav,book_00025_chp_0019_reader_04069_30_seg_1_seg1.wav,typing_Freesound_validated_407514_6.wav,typing,20,20.0,48000,10.333
mixed_0436.wav,book_00026_chp_0039_reader_04408_2_seg_2_seg1.wav,door_Freesound_validated_131552_1.wav,door,5,5.0,48000,4.496
mixed_0437.wav,book_00026_chp_0039_reader_04408_26_seg_0_seg2.wav,door_Freesound_validated_168446_15.wav,door,15,15.0,48000,5.04
mixed_0438.wav,book_00028_chp_0031_reader_05303_70_seg_0_seg2.wav,door_Freesound_validated_118244_0.wav,door,5,5.0,48000,3.232
mixed_0439.wav,book_00028_chp_0031_reader_05303_75_seg_1_seg1.wav,door_Freesound_validated_176338_0.wav,door,5,5.0,48000,9.165
mixed_0440.wav,book_00028_chp_0031_reader_05303_43_seg_2_seg2.wav,door_Freesound_validated_82430_0.wav,door,5,5.0,48000,2.304
mixed_0441.wav,book_00002_chp_0005_reader_11980_8_seg_0_seg2.wav,typing_Freesound_validated_181708_0.wav,typing,10,10.0,48000,2.88
mixed_0442.wav,book_00028_chp_0031_reader_05303_49_seg_2_seg2.wav,door_Freesound_validated_141996_5.wav,door,20,20.0,48000,4.637
mixed_0443.wav,book_00028_chp_0015_reader_08897_20_seg_0_seg1.wav,typing_Freesound_validated_445048_1.wav,typing,20,20.0,48000,10.224
mixed_0444.wav,book_00028_chp_0031_reader_05303_72_seg_1_seg1.wav,typing_Freesound_validated_406241_1.wav,typing,20,20.0,48000,3.712
mixed_0445.wav,book_00007_chp_0008_reader_01326_10_seg_0_seg1.wav,squeak_squeakyChair_Freesound_validated_445191_0.wav,squeakyChair,0,-0.0,48000,10.333
mixed_0446.wav,book_00025_chp_0019_reader_04069_4_seg_1_seg1.wav,squeak_squeakyChair_Freesound_validated_414106_21.wav,squeakyChair,15,15.0,48000,9.616
mixed_0447.wav,book_00028_chp_0031_reader_05303_34_seg_0_seg1.wav,door_Freesound_validated_82558_3.wav,door,5,5.0,48000,3.504
mixed_0448.wav,book_00008_chp_0146_reader_07907_1_seg_2_seg1.wav,door_Freesound_validated_113127_0.wav,door,5,5.0,48000,2.304
mixed_0449.wav,book_00028_chp_0031_reader_05303_27_seg_2_seg3.wav,typing_Freesound_validated_341833_9.wav,typing,0,0.0,48000,4.336
mixed_0450.wav,book_00000_chp_0009_reader_06709_24_seg_0_seg1.wav,door_Freesound_validated_193861_0.wav,door,5,5.0,48000,2.08
mixed_0451.wav,book_00002_chp_0005_reader_11980_10_seg_2_seg1.wav,door_Freesound_validated_112843_0.wav,door,0,0.0,48000,3.104
mixed_0452.wav,book_00028_chp_0038_reader_05919_31_seg_2_seg2.wav,typing_Freesound_validated_196397_5.wav,typing,20,20.0,48000,1.888
mixed_0453.wav,book_00028_chp_0038_reader_05919_45_seg_0_seg1.wav,door_Freesound_validated_130656_0.wav,door,5,5.0,48000,1.92
mixed_0454.wav,book_00028_chp_0031_reader_05303_77_seg_1_seg1.wav,typing_Freesound_validated_450282_17.wav,typing,0,0.0,48000,2.288
mixed_0455.wav,book_00028_chp_0015_reader_08897_49_seg_1_seg1.wav,typing_Freesound_validated_242177_1.wav,typing,15,15.0,48000,9.968
mixed_0456.wav,book_00002_chp_0005_reader_11980_11_seg_1_seg2.wav,typing_Freesound_validated_450282_14.wav,typing,10,10.0,48000,2.24
mixed_0457.wav,book_00028_chp_0031_reader_05303_60_seg_2_seg1.wav,typing_Freesound_validated_449498_0.wav,typing,10,10.0,48000,3.44
mixed_0458.wav,book_00028_chp_0031_reader_05303_68_seg_0_seg3.wav,typing_Freesound_validated_431323_7.wav,typing,10,10.0,48000,3.744
mixed_0459.wav,book_00028_chp_0031_reader_05303_36_seg_0_seg1.wav,door_Freesound_validated_185592_1.wav,door,5,5.0,48000,3.984
mixed_0460.wav,book_00028_chp_0031_reader_05303_62_seg_2_seg1.wav,door_Freesound_validated_201610_0.wav,door,-5,-5.0,48000,5.984
mixed_0461.wav,book_00026_chp_0039_reader_04408_19_seg_0_seg1.wav,door_Freesound_validated_48249_1.wav,door,15,15.0,48000,5.568
mixed_0462.wav,book_00026_chp_0039_reader_04408_32_seg_1_seg1.wav,door_Freesound_validated_36820_0.wav,door,15,15.0,48000,10.288
mixed_0463.wav,book_00000_chp_0009_reader_06709_19_seg_0_seg1.wav,door_Freesound_validated_171523_0.wav,door,-5,-5.0,48000,9.312
mixed_0464.wav,book_00008_chp_0146_reader_07907_2_seg_0_seg2.wav,door_Freesound_validated_82558_17.wav,door,15,15.0,48000,2.08
mixed_0465.wav,book_00028_chp_0031_reader_05303_78_seg_0_seg1.wav,copy-machine_Freesound_validated_425222_14.wav,copy-machine,20,20.0,48000,10.288
mixed_0466.wav,book_00002_chp_0005_reader_11980_9_seg_0_seg1.wav,typing_Freesound_validated_416242_2.wav,typing,15,15.0,48000,2.096
mixed_0467.wav,book_00007_chp_0008_reader_01326_1_seg_0_seg1.wav,door_Freesound_validated_125394_1.wav,door,15,15.0,48000,5.616
mixed_0468.wav,book_00002_chp_0005_reader_11980_17_seg_1_seg3.wav,typing_Freesound_validated_410368_0.wav,typing,-5,-5.0,48000,3.101
mixed_0469.wav,book_00025_chp_0019_reader_04069_24_seg_1_seg1.wav,squeak_squeakyChair_Freesound_validated_461815_0.wav,squeakyChair,-5,-5.0,48000,2.096
mixed_0470.wav,book_00025_chp_0019_reader_04069_4_seg_2_seg1.wav,typing_Freesound_validated_249889_3.wav,typing,10,10.0,48000,9.456
mixed_0471.wav,book_00028_chp_0031_reader_05303_35_seg_2_seg1.wav,squeak_squeakyChair_Freesound_validated_414106_6.wav,squeakyChair,-5,-5.0,48000,3.152
mixed_0472.wav,book_00028_chp_0031_reader_05303_70_seg_0_seg1.wav,typing_Freesound_validated_79710_1.wav,typing,20,20.0,48000,3.84
mixed_0473.wav,book_00008_chp_0146_reader_07907_5_seg_1_seg1.wav,squeak_squeakyChair_Freesound_validated_447467_15.wav,squeakyChair,0,0.0,48000,1.456
mixed_0474.wav,book_00028_chp_0031_reader_05303_7_seg_0_seg2.wav,door_Freesound_validated_173568_0.wav,door,20,20.0,48000,3.472
mixed_0475.wav,book_00028_chp_0015_reader_08897_21_seg_1_seg1.wav,door_Freesound_validated_79704_0.wav,door,0,0.0,48000,4.832
mixed_0476.wav,book_00008_chp_0146_reader_07907_8_seg_0_seg2.wav,typing_Freesound_validated_65410_10.wav,typing,0,0.0,48000,2.048
mixed_0477.wav,book_00028_chp_0038_reader_05919_25_seg_1_seg1.wav,door_Freesound_validated_110310_17.wav,door,0,0.0,48000,2.864
mixed_0478.wav,book_00028_chp_0015_reader_08897_51_seg_0_seg1.wav,door_Freesound_validated_171084_2.wav,door,-5,-5.0,48000,9.616
mixed_0479.wav,book_00002_chp_0005_reader_11980_6_seg_1_seg3.wav,door_Freesound_validated_134969_0.wav,door,10,10.0,48000,3.232
mixed_0480.wav,book_00028_chp_0015_reader_08897_41_seg_2_seg1.wav,door_Freesound_validated_76945_0.wav,door,20,20.0,48000,4.208
mixed_0481.wav,book_00028_chp_0031_reader_05303_85_seg_2_seg1.wav,squeak_squeakyChair_Freesound_validated_449912_1.wav,squeakyChair,20,20.0,48000,3.44
mixed_0482.wav,book_00028_chp_0031_reader_05303_0_seg_1_seg3.wav,copy-machine_Freesound_validated_425222_23.wav,copy-machine,10,10.0,48000,2.064
mixed_0483.wav,book_00028_chp_0031_reader_05303_7_seg_1_seg3.wav,door_Freesound_validated_175835_5.wav,door,0,0.0,48000,1.456
mixed_0484.wav,book_00028_chp_0031_reader_05303_41_seg_1_seg1.wav,door_Freesound_validated_148947_0.wav,door,-5,-5.0,48000,3.952
mixed_0485.wav,book_00028_chp_0031_reader_05303_59_seg_0_seg1.wav,door_Freesound_validated_18767_1.wav,door,20,20.0,48000,1.776
mixed_0486.wav,book_00028_chp_0031_reader_05303_75_seg_0_seg2.wav,door_Freesound_validated_162530_4.wav,door,0,-0.0,48000,2.029
mixed_0488.wav,book_00028_chp_0031_reader_05303_2_seg_2_seg3.wav,door_Freesound_validated_152885_0.wav,door,5,5.0,48000,4.048
mixed_0489.wav,book_00028_chp_0038_reader_05919_17_seg_1_seg1.wav,typing_Freesound_validated_209987_4.wav,typing,15,15.0,48000,5.664
mixed_0490.wav,book_00007_chp_0008_reader_01326_30_seg_2_seg1.wav,typing_Freesound_validated_467188_0.wav,typing,0,0.0,48000,6.432
mixed_0491.wav,book_00002_chp_0005_reader_11980_21_seg_0_seg2.wav,door_Freesound_validated_171232_1.wav,door,15,15.0,48000,1.856
mixed_0492.wav,book_00028_chp_0038_reader_05919_7_seg_1_seg2.wav,squeak_squeakyChair_Freesound_validated_413842_8.wav,squeakyChair,0,0.0,48000,8.893
mixed_0493.wav,book_00028_chp_0031_reader_05303_4_seg_2_seg1.wav,door_Freesound_validated_67176_0.wav,door,0,0.0,48000,5.008
mixed_0494.wav,book_00025_chp_0019_reader_04069_32_seg_0_seg1.wav,squeak_squeakyChair_Freesound_validated_468570_0.wav,squeakyChair,20,20.0,48000,10.333
mixed_0495.wav,book_00028_chp_0015_reader_08897_16_seg_1_seg1.wav,typing_Freesound_validated_393902_0.wav,typing,0,0.0,48000,10.272
mixed_0496.wav,book_00028_chp_0031_reader_05303_81_seg_0_seg2.wav,typing_Freesound_validated_426872_0.wav,typing,10,10.0,48000,2.128
mixed_0497.wav,book_00002_chp_0005_reader_11980_18_seg_0_seg2.wav,door_Freesound_validated_171084_9.wav,door,-5,-5.0,48000,2.528
mixed_0498.wav,book_00028_chp_0031_reader_05303_11_seg_0_seg1.wav,typing_Freesound_validated_399603_26.wav,typing,10,10.0,48000,1.408
mixed_0499.wav,book_00026_chp_0039_reader_04408_0_seg_2_seg1.wav,squeak_squeakyChair_Freesound_validated_452632_2.wav,squeakyChair,5,5.0,48000,1.52
mixed_0500.wav,book_00028_chp_0031_reader_05303_8_seg_1_seg2.wav,typing_Freesound_validated_449609_10.wav,typing,-5,-5.0,48000,2.816
mixed_0501.wav,book_00028_chp_0038_reader_05919_39_seg_1_seg1.wav,typing_Freesound_validated_380135_2.wav,typing,20,20.0,48000,9.712
mixed_0502.wav,book_00002_chp_0005_reader_11980_11_seg_1_seg1.wav,door_Freesound_validated_149164_0.wav,door,5,5.0,48000,3.792
mixed_0503.wav,book_00028_chp_0031_reader_05303_21_seg_1_seg1.wav,squeak_squeakyChair_Freesound_validated_446005_0.wav,squeakyChair,-5,-5.0,48000,4.72
mixed_0504.wav,book_00025_chp_0019_reader_04069_37_seg_0_seg1.wav,typing_Freesound_validated_106396_1.wav,typing,20,20.0,48000,5.952
mixed_0505.wav,book_00028_chp_0015_reader_08897_64_seg_2_seg2.wav,typing_Freesound_validated_360506_0.wav,typing,-5,-5.0,48000,1.04
mixed_0506.wav,book_00002_chp_0005_reader_11980_13_seg_1_seg1.wav,typing_Freesound_validated_416242_1.wav,typing,10,10.0,48000,2.208
mixed_0507.wav,book_00002_chp_0005_reader_11980_12_seg_1_seg3.wav,squeak_squeakyChair_Freesound_validated_452632_32.wav,squeakyChair,20,20.0,48000,2.88
mixed_0508.wav,book_00028_chp_0031_reader_05303_45_seg_1_seg1.wav,door_Freesound_validated_131991_0.wav,door,0,-0.0,48000,2.672
mixed_0509.wav,book_00026_chp_0039_reader_04408_24_seg_0_seg1.wav,door_Freesound_validated_179299_0.wav,door,20,20.0,48000,5.488
mixed_0511.wav,book_00007_chp_0008_reader_01326_15_seg_0_seg1.wav,squeak_squeakyChair_Freesound_validated_452631_26.wav,squeakyChair,20,20.0,48000,4.528
mixed_0512.wav,book_00002_chp_0005_reader_11980_17_seg_1_seg1.wav,typing_Freesound_validated_44297_0.wav,typing,15,15.0,48000,1.744
mixed_0513.wav,book_00025_chp_0019_reader_04069_35_seg_2_seg1.wav,door_Freesound_validated_32938_0.wav,door,5,5.0,48000,10.333
mixed_0514.wav,book_00026_chp_0039_reader_04408_40_seg_1_seg1.wav,door_Freesound_validated_62327_0.wav,door,15,15.0,48000,8.864
mixed_0515.wav,book_00028_chp_0015_reader_08897_62_seg_0_seg1.wav,typing_Freesound_validated_388496_3.wav,typing,20,20.0,48000,9.072
mixed_0516.wav,book_00028_chp_0031_reader_05303_62_seg_0_seg1.wav,door_Freesound_validated_79688_1.wav,door,0,0.0,48000,1.504
mixed_0517.wav,book_00000_chp_0009_reader_06709_2_seg_0_seg1.wav,typing_Freesound_validated_339348_0.wav,typing,0,0.0,48000,10.333
mixed_0518.wav,book_00028_chp_0031_reader_05303_49_seg_1_seg2.wav,squeak_squeakyChair_Freesound_validated_447467_9.wav,squeakyChair,20,20.0,48000,3.984
mixed_0519.wav,book_00026_chp_0039_reader_04408_8_seg_2_seg1.wav,squeak_squeakyChair_Freesound_validated_430637_2.wav,squeakyChair,15,15.0,48000,5.968
mixed_0520.wav,book_00000_chp_0009_reader_06709_0_seg_1_seg1.wav,typing_Freesound_validated_235253_0.wav,typing,10,10.0,48000,3.296
mixed_0521.wav,book_00008_chp_0146_reader_07907_1_seg_0_seg3.wav,squeak_squeakyChair_Freesound_validated_446003_0.wav,squeakyChair,15,15.0,48000,2.208
mixed_0522.wav,book_00028_chp_0015_reader_08897_80_seg_1_seg1.wav,typing_Freesound_validated_450282_11.wav,typing,-5,-5.0,48000,3.536
mixed_0523.wav,book_00028_chp_0038_reader_05919_15_seg_1_seg1.wav,typing_Freesound_validated_450281_15.wav,typing,0,0.0,48000,1.056
mixed_0524.wav,book_00028_chp_0038_reader_05919_34_seg_2_seg1.wav,squeak_squeakyChair_Freesound_validated_414083_9.wav,squeakyChair,-5,-5.0,48000,10.333
mixed_0525.wav,book_00028_chp_0031_reader_05303_60_seg_0_seg2.wav,typing_Freesound_validated_407514_4.wav,typing,15,15.0,48000,2.752
mixed_0526.wav,book_00026_chp_0039_reader_04408_37_seg_1_seg1.wav,typing_Freesound_validated_79710_7.wav,typing,0,-0.0,48000,7.92
mixed_0527.wav,book_00002_chp_0005_reader_11980_7_seg_2_seg3.wav,door_Freesound_validated_201991_0.wav,door,5,5.0,48000,4.0
mixed_0528.wav,book_00028_chp_0031_reader_05303_55_seg_0_seg1.wav,door_Freesound_validated_93767_0.wav,door,-5,-5.0,48000,1.072
mixed_0529.wav,book_00008_chp_0146_reader_07907_3_seg_2_seg2.wav,door_Freesound_validated_151088_0.wav,door,0,0.0,48000,2.24
mixed_0530.wav,book_00028_chp_0031_reader_05303_51_seg_1_seg1.wav,door_Freesound_validated_108672_1.wav,door,0,0.0,48000,2.944
mixed_0531.wav,book_00028_chp_0031_reader_05303_71_seg_0_seg1.wav,typing_Freesound_validated_332000_1.wav,typing,0,0.0,48000,2.576
mixed_0532.wav,book_00000_chp_0009_reader_06709_13_seg_2_seg1.wav,typing_Freesound_validated_376934_17.wav,typing,0,-0.0,48000,2.528
mixed_0533.wav,book_00028_chp_0031_reader_05303_86_seg_2_seg1.wav,typing_Freesound_validated_360523_2.wav,typing,10,10.0,48000,2.848
mixed_0534.wav,book_00008_chp_0146_reader_07907_10_seg_1_seg1.wav,door_Freesound_validated_48251_1.wav,door,5,5.0,48000,1.376
mixed_0535.wav,book_00028_chp_0031_reader_05303_2_seg_2_seg2.wav,typing_Freesound_validated_371507_4.wav,typing,15,15.0,48000,1.712
mixed_0536.wav,book_00028_chp_0038_reader_05919_12_seg_0_seg2.wav,typing_Freesound_validated_188233_0.wav,typing,20,20.0,48000,3.229
mixed_0537.wav,book_00028_chp_0038_reader_05919_8_seg_2_seg1.wav,door_Freesound_validated_48251_2.wav,door,10,10.0,48000,1.456
mixed_0538.wav,book_00028_chp_0038_reader_05919_27_seg_0_seg1.wav,door_Freesound_validated_148629_0.wav,door,20,20.0,48000,10.333
mixed_0539.wav,book_00028_chp_0031_reader_05303_82_seg_1_seg2.wav,door_Freesound_validated_191819_1.wav,door,5,5.0,48000,2.752
mixed_0540.wav,book_00002_chp_0005_reader_11980_9_seg_1_seg1.wav,typing_Freesound_validated_395584_2.wav,typing,20,20.0,48000,1.232
mixed_0541.wav,book_00000_chp_0009_reader_06709_19_seg_1_seg1.wav,copy-machine_Freesound_validated_425222_34.wav,copy-machine,-5,-5.0,48000,2.704
mixed_0542.wav,book_00025_chp_0019_reader_04069_3_seg_2_seg1.wav,door_Freesound_validated_79688_9.wav,door,20,20.0,48000,4.448
mixed_0543.wav,book_00028_chp_0031_reader_05303_63_seg_1_seg2.wav,door_Freesound_validated_81001_0.wav,door,10,10.0,48000,4.144
mixed_0544.wav,book_00028_chp_0031_reader_05303_43_seg_0_seg1.wav,squeak_squeakyChair_Freesound_validated_441256_1.wav,squeakyChair,20,20.0,48000,3.76
mixed_0545.wav,book_00028_chp_0031_reader_05303_10_seg_0_seg1.wav,door_Freesound_validated_62608_1.wav,door,20,20.0,48000,5.024
mixed_0546.wav,book_00028_chp_0031_reader_05303_14_seg_0_seg1.wav,squeak_squeakyChair_Freesound_validated_450839_1.wav,squeakyChair,5,5.0,48000,5.168
mixed_0547.wav,book_00002_chp_0005_reader_11980_18_seg_1_seg3.wav,door_Freesound_validated_197895_1.wav,door,0,0.0,48000,2.704
mixed_0548.wav,book_00028_chp_0038_reader_05919_28_seg_2_seg1.wav,typing_Freesound_validated_371507_3.wav,typing,20,20.0,48000,5.456
mixed_0549.wav,book_00028_chp_0038_reader_05919_28_seg_2_seg2.wav,typing_Freesound_validated_467453_0.wav,typing,-5,-5.0,48000,4.736
mixed_0550.wav,book_00007_chp_0008_reader_01326_76_seg_2_seg1.wav,squeak_squeakyChair_Freesound_validated_416319_3.wav,squeakyChair,5,5.0,48000,10.333
mixed_0551.wav,book_00002_chp_0005_reader_11980_8_seg_1_seg3.wav,typing_Freesound_validated_377138_1.wav,typing,20,20.0,48000,1.197
mixed_0552.wav,book_00002_chp_0005_reader_11980_15_seg_0_seg1.wav,typing_Freesound_validated_79711_13.wav,typing,10,10.0,48000,2.368
mixed_0553.wav,book_00002_chp_0005_reader_11980_4_seg_1_seg1.wav,typing_Freesound_validated_79711_0.wav,typing,20,20.0,48000,2.672
mixed_0554.wav,book_00028_chp_0031_reader_05303_4_seg_1_seg1.wav,typing_Freesound_validated_463430_1.wav,typing,20,20.0,48000,3.28
mixed_0555.wav,book_00028_chp_0031_reader_05303_55_seg_2_seg1.wav,typing_Freesound_validated_344138_0.wav,typing,-5,-5.0,48000,2.128
mixed_0556.wav,book_00007_chp_0008_reader_01326_47_seg_1_seg1.wav,door_Freesound_validated_50705_1.wav,door,15,15.0,48000,4.72
mixed_0557.wav,book_00028_chp_0031_reader_05303_7_seg_0_seg3.wav,typing_Freesound_validated_334458_1.wav,typing,10,10.0,48000,1.552
mixed_0558.wav,book_00028_chp_0038_reader_05919_11_seg_2_seg1.wav,door_Freesound_validated_79705_0.wav,door,10,10.0,48000,1.168
mixed_0559.wav,book_00028_chp_0031_reader_05303_19_seg_0_seg2.wav,door_Freesound_validated_148944_0.wav,door,5,5.0,48000,5.664
mixed_0560.wav,book_00028_chp_0031_reader_05303_27_seg_2_seg1.wav,door_Freesound_validated_52067_0.wav,door,0,-0.0,48000,1.424
mixed_0561.wav,book_00025_chp_0019_reader_04069_8_seg_2_seg1.wav,squeak_squeakyChair_Freesound_validated_416319_1.wav,squeakyChair,5,5.0,48000,1.216
mixed_0563.wav,book_00025_chp_0019_reader_04069_38_seg_2_seg2.wav,typing_Freesound_validated_91264_0.wav,typing,10,10.0,48000,1.488
mixed_0564.wav,book_00028_chp_0038_reader_05919_9_seg_0_seg1.wav,typing_Freesound_validated_65410_6.wav,typing,-5,-5.0,48000,9.36
mixed_0565.wav,book_00026_chp_0039_reader_04408_0_seg_1_seg2.wav,typing_Freesound_validated_361479_2.wav,typing,5,5.0,48000,4.4
mixed_0566.wav,book_00007_chp_0008_reader_01326_59_seg_1_seg1.wav,typing_Freesound_validated_399823_2.wav,typing,10,10.0,48000,2.4
mixed_0567.wav,book_00028_chp_0031_reader_05303_38_seg_2_seg2.wav,door_Freesound_validated_79251_3.wav,door,20,20.0,48000,3.248
mixed_0568.wav,book_00028_chp_0031_reader_05303_18_seg_0_seg1.wav,typing_Freesound_validated_399603_12.wav,typing,10,10.0,48000,2.64
mixed_0569.wav,book_00028_chp_0031_reader_05303_51_seg_0_seg1.wav,door_Freesound_validated_186227_5.wav,door,0,0.0,48000,4.32
mixed_0570.wav,book_00025_chp_0019_reader_04069_16_seg_0_seg1.wav,typing_Freesound_validated_259498_1.wav,typing,-5,-5.0,48000,1.232
mixed_0571.wav,book_00026_chp_0039_reader_04408_42_seg_2_seg1.wav,typing_Freesound_validated_450282_6.wav,typing,20,20.0,48000,4.208
mixed_0572.wav,book_00025_chp_0019_reader_04069_12_seg_2_seg1.wav,typing_Freesound_validated_343042_3.wav,typing,15,15.0,48000,3.056
mixed_0573.wav,book_00002_chp_0005_reader_11980_18_seg_2_seg3.wav,squeak_squeakyChair_Freesound_validated_452631_35.wav,squeakyChair,10,10.0,48000,2.848
mixed_0574.wav,book_00026_chp_0039_reader_04408_13_seg_0_seg1.wav,typing_Freesound_validated_242177_6.wav,typing,0,0.0,48000,6.912
mixed_0575.wav,book_00028_chp_0031_reader_05303_1_seg_0_seg2.wav,door_Freesound_validated_154373_1.wav,door,15,15.0,48000,5.28
mixed_0576.wav,book_00026_chp_0039_reader_04408_44_seg_2_seg1.wav,typing_Freesound_validated_376934_13.wav,typing,5,5.0,48000,1.184
mixed_0577.wav,book_00028_chp_0038_reader_05919_4_seg_0_seg1.wav,typing_Freesound_validated_210079_11.wav,typing,15,15.0,48000,4.048
mixed_0578.wav,book_00025_chp_0019_reader_04069_25_seg_1_seg2.wav,copy-machine_Freesound_validated_425222_7.wav,copy-machine,10,10.0,48000,8.333
mixed_0579.wav,book_00002_chp_0005_reader_11980_16_seg_2_seg4.wav,squeak_squeakyChair_Freesound_validated_442366_0.wav,squeakyChair,15,15.0,48000,2.592
mixed_0580.wav,book_00028_chp_0015_reader_08897_0_seg_2_seg1.wav,typing_Freesound_validated_383677_1.wav,typing,20,20.0,48000,3.184
mixed_0582.wav,book_00028_chp_0031_reader_05303_75_seg_0_seg1.wav,squeak_squeakyChair_Freesound_validated_452632_30.wav,squeakyChair,0,0.0,48000,6.4
mixed_0583.wav,book_00026_chp_0039_reader_04408_13_seg_2_seg2.wav,typing_Freesound_validated_52051_1.wav,typing,5,5.0,48000,5.597
mixed_0584.wav,book_00028_chp_0031_reader_05303_0_seg_2_seg2.wav,typing_Freesound_validated_399603_65.wav,typing,20,20.0,48000,2.752
mixed_0585.wav,book_00028_chp_0031_reader_05303_40_seg_2_seg1.wav,squeak_squeakyChair_Freesound_validated_446006_1.wav,squeakyChair,5,5.0,48000,8.736
mixed_0586.wav,book_00008_chp_0146_reader_07907_1_seg_1_seg3.wav,door_Freesound_validated_116133_1.wav,door,15,15.0,48000,2.288
mixed_0587.wav,book_00028_chp_0038_reader_05919_7_seg_0_seg1.wav,typing_Freesound_validated_432785_8.wav,typing,20,20.0,48000,7.808
mixed_0588.wav,book_00028_chp_0031_reader_05303_67_seg_0_seg1.wav,door_Freesound_validated_165933_5.wav,door,-5,-5.0,48000,8.704
mixed_0589.wav,book_00008_chp_0146_reader_07907_2_seg_2_seg1.wav,squeak_squeakyChair_Freesound_validated_414083_10.wav,squeakyChair,10,10.0,48000,1.232
mixed_0590.wav,book_00002_chp_0005_reader_11980_19_seg_2_seg1.wav,door_Freesound_validated_153363_0.wav,door,10,10.0,48000,3.008
mixed_0591.wav,book_00026_chp_0039_reader_04408_11_seg_0_seg1.wav,door_Freesound_validated_49763_2.wav,door,15,15.0,48000,3.184
mixed_0592.wav,book_00025_chp_0019_reader_04069_10_seg_1_seg2.wav,door_Freesound_validated_144069_3.wav,door,10,10.0,48000,3.629
mixed_0593.wav,book_00028_chp_0015_reader_08897_4_seg_2_seg1.wav,door_Freesound_validated_193855_0.wav,door,0,0.0,48000,4.528
mixed_0594.wav,book_00028_chp_0015_reader_08897_77_seg_0_seg1.wav,typing_Freesound_validated_164687_1.wav,typing,20,20.0,48000,10.256
mixed_0595.wav,book_00008_chp_0146_reader_07907_1_seg_1_seg1.wav,squeak_squeakyChair_Freesound_validated_461183_0.wav,squeakyChair,5,5.0,48000,2.048
mixed_0596.wav,book_00028_chp_0015_reader_08897_64_seg_2_seg1.wav,typing_Freesound_validated_443971_1.wav,typing,15,15.0,48000,5.008
mixed_0597.wav,book_00028_chp_0031_reader_05303_37_seg_1_seg1.wav,squeak_squeakyChair_Freesound_validated_414106_0.wav,squeakyChair,20,20.0,48000,3.456
mixed_0598.wav,book_00028_chp_0038_reader_05919_26_seg_1_seg1.wav,door_Freesound_validated_110310_25.wav,door,10,10.0,48000,7.152
mixed_0599.wav,book_00028_chp_0038_reader_05919_20_seg_2_seg1.wav,typing_Freesound_validated_445475_0.wav,typing,20,20.0,48000,1.968
mixed_0600.wav,book_00002_chp_0005_reader_11980_6_seg_2_seg1.wav,door_Freesound_validated_154753_0.wav,door,0,0.0,48000,2.4
mixed_0602.wav,book_00002_chp_0005_reader_11980_20_seg_2_seg2.wav,door_Freesound_validated_181140_1.wav,door,15,15.0,48000,1.28
mixed_0603.wav,book_00026_chp_0039_reader_04408_31_seg_1_seg1.wav,typing_Freesound_validated_450282_10.wav,typing,0,0.0,48000,6.8
mixed_0605.wav,book_00002_chp_0005_reader_11980_14_seg_0_seg3.wav,squeak_squeakyChair_Freesound_validated_452632_19.wav,squeakyChair,10,10.0,48000,2.477
mixed_0606.wav,book_00002_chp_0005_reader_11980_19_seg_1_seg1.wav,door_Freesound_validated_62531_4.wav,door,-5,-5.0,48000,1.728
mixed_0607.wav,book_00008_chp_0146_reader_07907_6_seg_2_seg2.wav,typing_Freesound_validated_344138_3.wav,typing,10,10.0,48000,2.0
mixed_0608.wav,book_00028_chp_0031_reader_05303_82_seg_2_seg1.wav,door_Freesound_validated_200981_0.wav,door,5,5.0,48000,9.264
mixed_0609.wav,book_00028_chp_0015_reader_08897_60_seg_1_seg1.wav,typing_Freesound_validated_65410_14.wav,typing,5,5.0,48000,3.712
mixed_0610.wav,book_00026_chp_0039_reader_04408_32_seg_0_seg2.wav,door_Freesound_validated_162531_0.wav,door,15,15.0,48000,4.077
mixed_0611.wav,book_00028_chp_0031_reader_05303_73_seg_0_seg1.wav,typing_Freesound_validated_353510_18.wav,typing,15,15.0,48000,6.112
mixed_0612.wav,book_00002_chp_0005_reader_11980_20_seg_2_seg1.wav,door_Freesound_validated_168446_4.wav,door,15,15.0,48000,1.2
mixed_0613.wav,book_00028_chp_0031_reader_05303_0_seg_2_seg1.wav,door_Freesound_validated_41463_1.wav,door,0,0.0,48000,1.792
mixed_0614.wav,book_00007_chp_0008_reader_01326_1_seg_1_seg1.wav,door_Freesound_validated_176338_2.wav,door,0,-0.0,48000,1.072
mixed_0615.wav,book_00028_chp_0031_reader_05303_68_seg_0_seg2.wav,door_Freesound_validated_110310_1.wav,door,15,15.0,48000,3.12
mixed_0616.wav,book_00028_chp_0031_reader_05303_39_seg_0_seg1.wav,door_Freesound_validated_193860_0.wav,door,0,-0.0,48000,1.2
mixed_0617.wav,book_00002_chp_0005_reader_11980_13_seg_1_seg2.wav,door_Freesound_validated_52289_0.wav,door,5,5.0,48000,3.12
mixed_0618.wav,book_00026_chp_0039_reader_04408_0_seg_1_seg1.wav,door_Freesound_validated_112354_0.wav,door,15,15.0,48000,3.136
mixed_0619.wav,book_00028_chp_0038_reader_05919_17_seg_2_seg2.wav,door_Freesound_validated_11582_0.wav,door,0,0.0,48000,7.056
mixed_0621.wav,book_00028_chp_0015_reader_08897_54_seg_1_seg1.wav,door_Freesound_validated_202515_12.wav,door,15,15.0,48000,4.912
mixed_0622.wav,book_00002_chp_0005_reader_11980_5_seg_2_seg2.wav,squeak_squeakyChair_Freesound_validated_447467_16.wav,squeakyChair,20,20.0,48000,2.56
mixed_0623.wav,book_00028_chp_0031_reader_05303_0_seg_2_seg3.wav,door_Freesound_validated_125958_0.wav,door,-5,-5.0,48000,1.584
mixed_0624.wav,book_00002_chp_0005_reader_11980_4_seg_2_seg1.wav,typing_Freesound_validated_400699_1.wav,typing,5,5.0,48000,2.784
mixed_0625.wav,book_00028_chp_0038_reader_05919_6_seg_0_seg1.wav,door_Freesound_validated_110310_0.wav,door,10,10.0,48000,1.744
mixed_0626.wav,book_00028_chp_0015_reader_08897_28_seg_2_seg1.wav,typing_Freesound_validated_345921_3.wav,typing,15,15.0,48000,10.333
mixed_0627.wav,book_00025_chp_0019_reader_04069_17_seg_0_seg1.wav,door_Freesound_validated_146342_0.wav,door,-5,-5.0,48000,10.333
mixed_0628.wav,book_00008_chp_0146_reader_07907_10_seg_0_seg3.wav,door_Freesound_validated_62454_4.wav,door,5,5.0,48000,2.144
mixed_0629.wav,book_00028_chp_0038_reader_05919_30_seg_0_seg1.wav,typing_Freesound_validated_210079_12.wav,typing,5,5.0,48000,7.888
mixed_0630.wav,book_00028_chp_0015_reader_08897_33_seg_0_seg1.wav,door_Freesound_validated_79704_1.wav,door,10,10.0,48000,1.456
mixed_0631.wav,book_00028_chp_0038_reader_05919_4_seg_2_seg1.wav,typing_Freesound_validated_466860_2.wav,typing,20,20.0,48000,3.6
mixed_0632.wav,book_00008_chp_0146_reader_07907_1_seg_0_seg1.wav,squeak_squeakyChair_Freesound_validated_433977_8.wav,squeakyChair,10,10.0,48000,1.056
mixed_0633.wav,book_00000_chp_0009_reader_06709_15_seg_2_seg2.wav,squeak_squeakyChair_Freesound_validated_419444_1.wav,squeakyChair,10,10.0,48000,8.752
mixed_0634.wav,book_00026_chp_0039_reader_04408_19_seg_1_seg1.wav,typing_Freesound_validated_339953_2.wav,typing,20,20.0,48000,8.272
mixed_0635.wav,book_00028_chp_0031_reader_05303_9_seg_1_seg4.wav,door_Freesound_validated_197742_0.wav,door,0,0.0,48000,1.12
mixed_0637.wav,book_00025_chp_0019_reader_04069_21_seg_1_seg1.wav,squeak_squeakyChair_Freesound_validated_468121_0.wav,squeakyChair,10,10.0,48000,5.888
mixed_0638.wav,book_00028_chp_0031_reader_05303_25_seg_0_seg1.wav,door_Freesound_validated_66397_0.wav,door,20,20.0,48000,8.56
mixed_0639.wav,book_00028_chp_0038_reader_05919_5_seg_2_seg1.wav,door_Freesound_validated_123082_1.wav,door,5,5.0,48000,5.952
mixed_0640.wav,book_00008_chp_0146_reader_07907_7_seg_2_seg2.wav,door_Freesound_validated_188063_1.wav,door,-5,-5.0,48000,3.024
mixed_0641.wav,book_00028_chp_0031_reader_05303_76_seg_1_seg1.wav,typing_Freesound_validated_343042_6.wav,typing,20,20.0,48000,7.072
mixed_0642.wav,book_00002_chp_0005_reader_11980_0_seg_1_seg1.wav,door_Freesound_validated_171084_14.wav,door,5,5.0,48000,4.704
mixed_0643.wav,book_00028_chp_0038_reader_05919_15_seg_2_seg1.wav,typing_Freesound_validated_237612_5.wav,typing,0,0.0,48000,7.248
mixed_0644.wav,book_00028_chp_0031_reader_05303_53_seg_2_seg1.wav,door_Freesound_validated_147309_0.wav,door,20,20.0,48000,3.2
mixed_0645.wav,book_00025_chp_0019_reader_04069_28_seg_0_seg1.wav,typing_Freesound_validated_65410_8.wav,typing,15,15.0,48000,6.176
mixed_0646.wav,book_00025_chp_0019_reader_04069_20_seg_2_seg2.wav,typing_Freesound_validated_432785_10.wav,typing,10,10.0,48000,1.84
mixed_0647.wav,book_00002_chp_0005_reader_11980_4_seg_2_seg2.wav,typing_Freesound_validated_450281_5.wav,typing,20,20.0,48000,2.784
mixed_0648.wav,book_00002_chp_0005_reader_11980_10_seg_0_seg2.wav,typing_Freesound_validated_155574_0.wav,typing,0,0.0,48000,2.912
mixed_0649.wav,book_00002_chp_0005_reader_11980_10_seg_1_seg1.wav,door_Freesound_validated_110310_6.wav,door,20,20.0,48000,2.416
mixed_0650.wav,book_00028_chp_0031_reader_05303_25_seg_2_seg2.wav,typing_Freesound_validated_399603_66.wav,typing,15,15.0,48000,5.152
mixed_0651.wav,book_00028_chp_0031_reader_05303_9_seg_2_seg2.wav,typing_Freesound_validated_467187_0.wav,typing,-5,-5.0,48000,6.736
mixed_0652.wav,book_00002_chp_0005_reader_11980_3_seg_1_seg1.wav,door_Freesound_validated_168446_8.wav,door,0,-0.0,48000,6.144
mixed_0653.wav,book_00028_chp_0031_reader_05303_70_seg_1_seg2.wav,typing_Freesound_validated_344138_6.wav,typing,10,10.0,48000,3.344
mixed_0654.wav,book_00002_chp_0005_reader_11980_7_seg_0_seg2.wav,door_Freesound_validated_182748_0.wav,door,15,15.0,48000,2.48
mixed_0655.wav,book_00007_chp_0008_reader_01326_48_seg_1_seg1.wav,typing_Freesound_validated_181264_1.wav,typing,10,10.0,48000,5.136
mixed_0656.wav,book_00025_chp_0019_reader_04069_23_seg_1_seg2.wav,squeak_squeakyChair_Freesound_validated_433977_5.wav,squeakyChair,-5,-5.0,48000,7.453
mixed_0657.wav,book_00025_chp_0019_reader_04069_38_seg_1_seg3.wav,typing_Freesound_validated_138283_3.wav,typing,10,10.0,48000,1.28
mixed_0658.wav,book_00026_chp_0039_reader_04408_17_seg_0_seg3.wav,door_Freesound_validated_112347_1.wav,door,20,20.0,48000,5.821
mixed_0659.wav,book_00000_chp_0009_reader_06709_8_seg_2_seg1.wav,typing_Freesound_validated_363701_0.wav,typing,15,15.0,48000,10.333
mixed_0660.wav,book_00002_chp_0005_reader_11980_8_seg_2_seg2.wav,typing_Freesound_validated_321492_4.wav,typing,5,5.0,48000,2.896
mixed_0661.wav,book_00028_chp_0038_reader_05919_6_seg_1_seg1.wav,door_Freesound_validated_79688_3.wav,door,0,0.0,48000,10.333
